DOI,Alias
10.1086/118407,1
10.1086/300314,1
10.1086/300338,1
10.1086/300462,1
10.1086/300535,1
10.1086/300997,1
10.1086/301090,1
10.1086/301493,5
10.1086/304882,1
10.1086/307059,1
10.1086/308208,1
10.1086/312617,1
10.1086/313204,1
10.1086/318776,1
10.1086/320409,1
10.1086/321176,1
10.1086/321561,1
10.1086/321592,1
10.1086/321790,1
10.1086/322094,1
10.1086/322341,1
10.1086/324741,2
10.1086/338320,1
10.1086/339572,1
10.1086/340936,1
10.1086/341649,1
10.1086/342346,1
10.1086/342702,1
10.1086/342738,1
10.1086/343127,1
10.1086/344306,1
10.1086/345505,1
10.1086/346233,1
10.1086/346277,2
10.1086/368135,1
10.1086/374040,1
10.1086/375528,1
10.1086/376406,3
10.1086/377620,2
10.1086/378493,1
10.1086/378977,1
10.1086/379887,2
10.1086/380092,1
10.1086/380120,1
10.1086/381484,1
10.1086/382125,1
10.1086/382676,1
10.1086/383084,3
10.1086/383531,2
10.1086/420999,1
10.1086/421463,2
10.1086/421696,3
10.1086/422429,1
10.1086/422818,1
10.1086/422828,1
10.1086/422914,1
10.1086/423320,1
10.1086/424589,1
10.1086/424863,3
10.1086/425628,3
10.1086/426009,1
10.1086/426336,1
10.1086/427688,1
10.1086/428002,2
10.1086/428489,3
10.1086/429154,1
10.1086/429803,1
10.1086/429899,1
10.1086/430443,1
10.1086/431416,1
10.1086/431471,1
10.1086/431784,3
10.1086/444372,1
10.1086/491595,1
10.1086/496956,1
10.1086/497024,2
10.1086/498106,2
10.1086/498388,2
10.1086/498686,1
10.1086/498700,2
10.1086/499562,2
10.1086/500426,1
10.1086/500526,1
10.1086/500535,3
10.1086/500918,1
10.1086/501528,1
10.1086/502621,1
10.1086/503325,1
10.1086/503362,1
10.1086/503521,1
10.1086/503745,1
10.1086/504704,1
10.1086/504966,1
10.1086/505045,3
10.1086/505628,1
10.1086/505704,2
10.1086/506191,3
10.1086/506562,1
10.1086/507015,1
10.1086/508051,1
10.1086/508350,1
10.1086/508530,2
10.1086/508532,1
10.1086/508621,1
10.1086/508643,2
10.1086/508921,1
10.1086/509147,3
10.1086/509322,1
10.1086/509632,1
10.1086/509657,1
10.1086/510127,1
10.1086/510364,1
10.1086/510481,1
10.1086/510570,1
10.1086/510571,1
10.1086/510828,1
10.1086/510879,2
10.1086/510898,1
10.1086/510901,2
10.1086/511059,1
10.1086/511060,1
10.1086/511155,1
10.1086/512006,1
10.1086/512478,1
10.1086/512599,1
10.1086/513005,1
10.1086/513090,3
10.1086/513464,1
10.1086/514817,1
10.1086/516578,1
10.1086/517609,3
10.1086/517931,1
10.1086/517962,4
10.1086/518230,1
10.1086/518302,1
10.1086/518414,1
10.1086/518561,1
10.1086/518887,1
10.1086/518962,1
10.1086/519068,3
10.1086/519995,1
10.1086/520496,1
10.1086/520530,1
10.1086/520711,1
10.1086/520808,1
10.1086/521044,2
10.1086/521094,2
10.1086/521427,3
10.1086/521433,2
10.1086/521646,1
10.1086/521703,1
10.1086/522194,1
10.1086/522303,1
10.1086/522623,1
10.1086/522690,1
10.1086/522827,1
10.1086/522908,4
10.1086/523265,3
10.1086/523897,3
10.1086/524361,3
10.1086/524984,1
10.1086/525274,1
10.1086/526426,1
10.1086/526517,1
10.1086/533431,1
10.1086/533464,1
10.1086/586736,3
10.1086/587637,1
10.1086/588722,3
10.1086/588730,1
10.1086/589627,2
10.1086/589914,1
10.1086/589922,1
10.1086/589991,1
10.1086/590105,2
10.1086/590142,2
10.1086/590416,1
10.1086/590427,1
10.1086/590555,2
10.1086/591019,1
10.1086/591023,1
10.1086/591024,1
10.1086/591085,1
10.1086/591542,2
10.1086/591648,1
10.1086/591779,2
10.1086/592373,1
10.1088/0004-6256/136/1/51,1
10.1088/0004-6256/136/6/2391,2
10.1088/0004-6256/136/6/2473,1
10.1088/0004-6256/137/5/4339,3
10.1088/0004-6256/137/6/4867,1
10.1088/0004-6256/137/6/4956,2
10.1088/0004-6256/137/6/5134,1
10.1088/0004-6256/138/2/568,1
10.1088/0004-6256/138/6/1985,3
10.1088/0004-6256/139/1/158,2
10.1088/0004-6256/139/2/348,2
10.1088/0004-6256/139/2/626,1
10.1088/0004-6256/139/4/1566,2
10.1088/0004-6256/139/5/1782,1
10.1088/0004-6256/139/5/2026,5
10.1088/0004-6256/140/1/75,1
10.1088/0004-6256/140/2/339,1
10.1088/0004-6256/140/2/379,1
10.1088/0004-6256/140/2/652,1
10.1088/0004-6256/140/3/887,1
10.1088/0004-6256/140/3/897,3
10.1088/0004-6256/140/4/1062,3
10.1088/0004-6256/140/5/1486,1
10.1088/0004-6256/140/6/1814,1
10.1088/0004-6256/140/6/2101,1
10.1088/0004-6256/141/3/71,1
10.1088/0004-6256/142/1/2,3
10.1088/0004-6256/142/1/25,4
10.1088/0004-6256/142/2/58,1
10.1088/0004-6256/142/3/72,1
10.1088/0004-6256/142/3/88,1
10.1088/0004-6256/142/4/128,1
10.1088/0004-6256/142/5/145,1
10.1088/0004-6256/142/5/155,3
10.1088/0004-6256/143/1/8,1
10.1088/0004-6256/143/2/38,3
10.1088/0004-6256/143/4/78,1
10.1088/0004-6256/143/4/90,1
10.1088/0004-6256/144/2/62,3
10.1088/0004-6256/144/5/144,2
10.1088/0004-6256/144/6/166,1
10.1088/0004-6256/144/6/190,3
10.1088/0004-6256/145/1/10,2
10.1088/0004-6256/145/3/69,1
10.1088/0004-6256/145/3/82,2
10.1088/0004-6256/146/1/11,3
10.1088/0004-6256/146/2/32,1
10.1088/0004-6256/146/5/118,2
10.1088/0004-6256/147/3/61,3
10.1088/0004-6256/147/4/75,1
10.1088/0004-6256/148/3/41,1
10.1088/0004-6256/149/4/117,1
10.1088/0004-6256/149/4/135,3
10.1088/0004-6256/150/1/19,1
10.1088/0004-6256/150/4/101,1
10.1088/0004-6256/150/5/150,5
10.1088/0004-637X/692/2/1464,1
10.1088/0004-637X/693/2/1209,1
10.1088/0004-637X/693/2/1290,1
10.1088/0004-637X/693/2/1803,3
10.1088/0004-637X/694/1/425,3
10.1088/0004-637X/694/1/449,1
10.1088/0004-637X/694/2/1517,4
10.1088/0004-637X/695/1/511,2
10.1088/0004-637X/695/2/1024,1
10.1088/0004-637X/696/1/214,2
10.1088/0004-637X/696/1/411,1
10.1088/0004-637X/696/2/1125,2
10.1088/0004-637X/696/2/1164,1
10.1088/0004-637X/696/2/1195,2
10.1088/0004-637X/696/2/1278,3
10.1088/0004-637X/696/2/2195,1
10.1088/0004-637X/698/2/1367,1
10.1088/0004-637X/698/2/1639,1
10.1088/0004-637X/698/2/L169,1
10.1088/0004-637X/699/1/732,1
10.1088/0004-637X/700/1/20,2
10.1088/0004-637X/700/2/1502,1
10.1088/0004-637X/701/1/66,3
10.1088/0004-637X/701/1/776,2
10.1088/0004-637X/701/2/1605,4
10.1088/0004-637X/702/1/327,3
10.1088/0004-637X/702/1/L82,1
10.1088/0004-637X/702/2/1615,3
10.1088/0004-637X/704/1/415,2
10.1088/0004-637X/704/1/496,1
10.1088/0004-637X/704/2/1471,1
10.1088/0004-637X/704/2/1482,1
10.1088/0004-637X/705/1/1043,1
10.1088/0004-637X/705/1/328,2
10.1088/0004-637X/705/2/1275,2
10.1088/0004-637X/706/1/252,1
10.1088/0004-637X/707/1/103,1
10.1088/0004-637X/707/2/1417,2
10.1088/0004-637X/708/1/1,1
10.1088/0004-637X/708/2/946,1
10.1088/0004-637X/709/1/218,3
10.1088/0004-637X/709/2/1067,1
10.1088/0004-637X/709/2/572,2
10.1088/0004-637X/710/1/462,1
10.1088/0004-637X/710/1/470,1
10.1088/0004-637X/710/1/583,3
10.1088/0004-637X/710/2/1776,1
10.1088/0004-637X/711/1/361,1
10.1088/0004-637X/711/2/671,1
10.1088/0004-637X/711/2/731,3
10.1088/0004-637X/712/1/574,2
10.1088/0004-637X/712/2/1010,1
10.1088/0004-637X/713/2/1073,1
10.1088/0004-637X/714/1/45,2
10.1088/0004-637X/714/1/732,1
10.1088/0004-637X/714/2/1582,6
10.1088/0004-637X/716/2/1478,1
10.1088/0004-637X/716/2/970,1
10.1088/0004-637X/717/1/209,3
10.1088/0004-637X/718/1/133,1
10.1088/0004-637X/718/2/1200,1
10.1088/0004-637X/719/1/451,1
10.1088/0004-637X/719/1/831,4
10.1088/0004-637X/720/1/155,1
10.1088/0004-637X/720/1/20,1
10.1088/0004-637X/720/1/64,6
10.1088/0004-637X/720/2/1202,1
10.1088/0004-637X/720/2/1668,1
10.1088/0004-637X/721/2/1206,2
10.1088/0004-637X/721/2/995,1
10.1088/0004-637X/722/1/102,1
10.1088/0004-637X/722/1/491,2
10.1088/0004-637X/723/2/1241,1
10.1088/0004-637X/723/2/1678,1
10.1088/0004-637X/725/1/134,5
10.1088/0004-637X/725/1/288,2
10.1088/0004-637X/725/2/1971,1
10.1088/0004-637X/727/1/59,1
10.1088/0004-637X/728/1/13,1
10.1088/0004-637X/729/2/84,1
10.1088/0004-637X/730/2/112,1
10.1088/0004-637X/730/2/68,2
10.1088/0004-637X/730/2/92,1
10.1088/0004-637X/731/2/93,1
10.1088/0004-637X/732/1/21,2
10.1088/0004-637X/732/1/42,1
10.1088/0004-637X/732/2/107,1
10.1088/0004-637X/733/1/3,3
10.1088/0004-637X/733/2/103,2
10.1088/0004-637X/733/2/99,1
10.1088/0004-637X/734/2/119,1
10.1088/0004-637X/736/2/104,2
10.1088/0004-637X/738/2/131,1
10.1088/0004-637X/739/2/57,1
10.1088/0004-637X/741/2/104,1
10.1088/0004-637X/741/2/115,4
10.1088/0004-637X/741/2/122,2
10.1088/0004-637X/742/1/39,2
10.1088/0004-637X/743/1/65,3
10.1088/0004-637X/743/1/81,1
10.1088/0004-637X/743/2/144,2
10.1088/0004-637X/743/2/167,1
10.1088/0004-637X/743/2/176,1
10.1088/0004-637X/744/1/38,2
10.1088/0004-637X/744/2/118,1
10.1088/0004-637X/744/2/126,1
10.1088/0004-637X/744/2/149,3
10.1088/0004-637X/744/2/162,1
10.1088/0004-637X/744/2/83,2
10.1088/0004-637X/745/1/99,2
10.1088/0004-637X/745/2/106,1
10.1088/0004-637X/746/2/136,1
10.1088/0004-637X/747/1/15,1
10.1088/0004-637X/747/1/35,3
10.1088/0004-637X/747/1/52,1
10.1088/0004-637X/747/2/92,1
10.1088/0004-637X/748/2/81,1
10.1088/0004-637X/750/1/64,7
10.1088/0004-637X/750/1/86,2
10.1088/0004-637X/751/1/22,2
10.1088/0004-637X/751/1/46,2
10.1088/0004-637X/752/1/45,2
10.1088/0004-637X/752/1/59,2
10.1088/0004-637X/752/2/114,1
10.1088/0004-637X/752/2/147,2
10.1088/0004-637X/754/1/1,1
10.1088/0004-637X/754/1/17,2
10.1088/0004-637X/754/1/27,2
10.1088/0004-637X/755/1/23,1
10.1088/0004-637X/755/1/3,1
10.1088/0004-637X/755/1/40,3
10.1088/0004-637X/755/1/67,1
10.1088/0004-637X/755/1/8,1
10.1088/0004-637X/755/2/105,2
10.1088/0004-637X/755/2/165,3
10.1088/0004-637X/755/2/174,1
10.1088/0004-637X/756/2/168,8
10.1088/0004-637X/757/1/23,1
10.1088/0004-637X/757/1/43,2
10.1088/0004-637X/757/1/83,1
10.1088/0004-637X/757/2/129,5
10.1088/0004-637X/758/2/124,1
10.1088/0004-637X/759/1/26,1
10.1088/0004-637X/759/1/41,1
10.1088/0004-637X/759/1/48,2
10.1088/0004-637X/759/1/67,2
10.1088/0004-637X/760/1/76,1
10.1088/0004-637X/760/1/91,7
10.1088/0004-637X/760/2/128,1
10.1088/0004-637X/761/1/3,1
10.1088/0004-637X/761/2/139,1
10.1088/0004-637X/761/2/140,1
10.1088/0004-637X/762/2/113,8
10.1088/0004-637X/762/2/120,8
10.1088/0004-637X/763/2/124,1
10.1088/0004-637X/763/2/96,1
10.1088/0004-637X/764/2/176,2
10.1088/0004-637X/765/1/28,1
10.1088/0004-637X/765/1/65,2
10.1088/0004-637X/765/2/141,4
10.1088/0004-637X/766/2/82,1
10.1088/0004-637X/767/1/62,2
10.1088/0004-637X/767/2/134,1
10.1088/0004-637X/768/1/4,3
10.1088/0004-637X/768/1/50,1
10.1088/0004-637X/768/1/90,3
10.1088/0004-637X/769/1/21,1
10.1088/0004-637X/769/2/148,1
10.1088/0004-637X/770/1/16,1
10.1088/0004-637X/770/2/107,3
10.1088/0004-637X/770/2/136,1
10.1088/0004-637X/771/1/24,3
10.1088/0004-637X/771/1/25,2
10.1088/0004-637X/771/2/129,8
10.1088/0004-637X/772/2/126,1
10.1088/0004-637X/772/2/131,1
10.1088/0004-637X/773/1/45,1
10.1088/0004-637X/773/1/60,3
10.1088/0004-637X/775/2/136,6
10.1088/0004-637X/777/2/173,3
10.1088/0004-637X/777/2/89,1
10.1088/0004-637X/778/1/19,1
10.1088/0004-637X/778/2/163,1
10.1088/0004-637X/778/2/91,1
10.1088/0004-637X/779/1/42,2
10.1088/0004-637X/779/1/57,1
10.1088/0004-637X/779/2/102,1
10.1088/0004-637X/779/2/121,3
10.1088/0004-637X/780/2/119,1
10.1088/0004-637X/781/1/2,1
10.1088/0004-637X/781/2/59,1
10.1088/0004-637X/783/2/93,3
10.1088/0004-637X/784/1/36,3
10.1088/0004-637X/784/1/61,6
10.1088/0004-637X/784/1/80,6
10.1088/0004-637X/784/2/137,6
10.1088/0004-637X/785/2/131,1
10.1088/0004-637X/785/2/148,3
10.1088/0004-637X/786/1/41,1
10.1088/0004-637X/786/1/58,1
10.1088/0004-637X/787/1/55,1
10.1088/0004-637X/788/1/14,7
10.1088/0004-637X/788/1/55,5
10.1088/0004-637X/788/1/59,6
10.1088/0004-637X/789/1/64,5
10.1088/0004-637X/789/2/138,1
10.1088/0004-637X/790/1/73,1
10.1088/0004-637X/790/2/117,3
10.1088/0004-637X/791/1/19,3
10.1088/0004-637X/791/1/42,1
10.1088/0004-637X/791/1/68,1
10.1088/0004-637X/791/2/119,1
10.1088/0004-637X/791/2/80,1
10.1088/0004-637X/792/1/15,1
10.1088/0004-637X/792/1/16,1
10.1088/0004-637X/792/1/2,1
10.1088/0004-637X/792/1/68,1
10.1088/0004-637X/792/2/84,1
10.1088/0004-637X/794/2/156,2
10.1088/0004-637X/795/2/105,2
10.1088/0004-637X/796/1/46,1
10.1088/0004-637X/796/1/52,1
10.1088/0004-637X/796/2/76,1
10.1088/0004-637X/797/1/4,5
10.1088/0004-637X/798/1/11,3
10.1088/0004-637X/798/1/24,7
10.1088/0004-637X/799/2/148,1
10.1088/0004-637X/799/2/196,1
10.1088/0004-637X/799/2/235,5
10.1088/0004-637X/800/2/120,1
10.1088/0004-637X/801/1/65,1
10.1088/0004-637X/801/2/125,2
10.1088/0004-637X/801/2/127,1
10.1088/0004-637X/801/2/142,3
10.1088/0004-637X/801/2/92,3
10.1088/0004-637X/801/2/97,1
10.1088/0004-637X/802/1/15,3
10.1088/0004-637X/802/2/126,1
10.1088/0004-637X/802/2/86,4
10.1088/0004-637X/802/2/91,1
10.1088/0004-637X/803/1/18,4
10.1088/0004-637X/803/1/28,3
10.1088/0004-637X/804/2/140,1
10.1088/0004-637X/805/2/143,1
10.1088/0004-637X/805/2/96,2
10.1088/0004-637X/806/1/23,2
10.1088/0004-637X/806/2/154,6
10.1088/0004-637X/806/2/253,5
10.1088/0004-637X/806/2/260,6
10.1088/0004-637X/807/1/48,3
10.1088/0004-637X/808/1/102,2
10.1088/0004-637X/808/2/139,1
10.1088/0004-637X/808/2/165,5
10.1088/0004-637X/809/1/17,1
10.1088/0004-637X/809/1/78,6
10.1088/0004-637X/809/2/153,5
10.1088/0004-637X/809/2/161,1
10.1088/0004-637X/810/1/56,1
10.1088/0004-637X/810/1/60,1
10.1088/0004-637X/811/1/26,1
10.1088/0004-637X/811/1/71,6
10.1088/0004-637X/811/2/145,1
10.1088/0004-637X/811/2/146,6
10.1088/0004-637X/811/2/91,1
10.1088/0004-637X/811/2/92,8
10.1088/0004-637X/812/2/114,1
10.1088/0004-637X/812/2/118,1
10.1088/0004-637X/812/2/126,2
10.1088/0004-637X/812/2/133,1
10.1088/0004-637X/813/1/76,8
10.1088/0004-637X/813/2/117,2
10.1088/0004-637X/814/1/26,1
10.1088/0004-637X/814/1/47,3
10.1088/0004-637X/814/2/108,1
10.1088/0004-637X/814/2/84,1
10.1088/0004-637X/815/1/4,6
10.1088/0004-637X/815/1/77,6
10.1088/0004-637X/815/2/120,3
10.1088/0004-637X/815/2/94,1
10.1088/0067-0049/181/1/255,3
10.1088/0067-0049/184/1/172,3
10.1088/0067-0049/185/1/85,1
10.1088/0067-0049/186/2/427,1
10.1088/0067-0049/188/1/75,1
10.1088/0067-0049/188/2/488,1
10.1088/0067-0049/190/1/147,1
10.1088/0067-0049/191/1/124,1
10.1088/0067-0049/191/2/352,2
10.1088/0067-0049/192/1/9,1
10.1088/0067-0049/193/1/12,1
10.1088/0067-0049/193/1/14,2
10.1088/0067-0049/193/2/26,4
10.1088/0067-0049/193/2/28,4
10.1088/0067-0049/193/2/29,1
10.1088/0067-0049/194/1/1,3
10.1088/0067-0049/194/1/15,5
10.1088/0067-0049/194/1/2,3
10.1088/0067-0049/194/1/9,2
10.1088/0067-0049/194/2/21,2
10.1088/0067-0049/194/2/32,3
10.1088/0067-0049/194/2/37,3
10.1088/0067-0049/195/2/21,1
10.1088/0067-0049/197/2/33,2
10.1088/0067-0049/198/1/3,2
10.1088/0067-0049/200/1/8,1
10.1088/0067-0049/200/2/21,3
10.1088/0067-0049/203/1/2,2
10.1088/0067-0049/203/1/8,5
10.1088/0067-0049/205/1/5,1
10.1088/0067-0049/206/1/9,1
10.1088/0067-0049/206/2/17,1
10.1088/0067-0049/207/2/30,6
10.1088/0067-0049/208/1/5,5
10.1088/0067-0049/213/1/1,5
10.1088/0067-0049/213/2/33,6
10.1088/0067-0049/214/2/24,1
10.1088/0067-0049/216/1/4,1
10.1088/0067-0049/217/1/6,3
10.1088/0067-0049/217/2/30,6
10.1088/0067-0049/218/1/9,3
10.1088/0067-0049/218/2/29,1
10.1088/0067-0049/219/1/12,1
10.1088/0067-0049/219/1/14,7
10.1088/0067-0049/220/1/11,8
10.1088/0067-0049/220/1/9,3
10.1088/0067-0049/221/1/11,2
10.1088/2041-8205/722/1/L33,1
10.1088/2041-8205/723/2/L243,1
10.1088/2041-8205/728/1/L2,1
10.1088/2041-8205/729/1/L9,3
10.1088/2041-8205/731/2/L27,2
10.1088/2041-8205/737/2/L38,1
10.1088/2041-8205/741/1/L17,1
10.1088/2041-8205/744/1/L11,5
10.1088/2041-8205/746/1/L11,5
10.1088/2041-8205/747/2/L42,1
10.1088/2041-8205/749/1/L2,1
10.1088/2041-8205/750/2/L35,3
10.1088/2041-8205/753/1/L15,1
10.1088/2041-8205/754/1/L18,1
10.1088/2041-8205/757/2/L27,3
10.1088/2041-8205/762/1/L15,1
10.1088/2041-8205/765/1/L19,2
10.1088/2041-8205/775/1/L6,2
10.1088/2041-8205/776/2/L34,4
10.1088/2041-8205/777/2/L31,3
10.1088/2041-8205/779/2/L21,2
10.1088/2041-8205/780/1/L13,6
10.1088/2041-8205/781/1/L12,3
10.1088/2041-8205/782/2/L17,6
10.1088/2041-8205/783/1/L23,7
10.1088/2041-8205/787/1/L5,6
10.1088/2041-8205/788/2/L34,6
10.1088/2041-8205/798/1/L2,3
10.1088/2041-8205/798/2/L44,7
10.1088/2041-8205/804/1/L15,2
10.1088/2041-8205/807/1/L2,1
10.1088/2041-8205/811/1/L11,1
10.1088/2041-8205/811/1/L5,2
10.1088/2041-8205/812/1/L2,1
10.1088/2041-8205/813/1/L14,3
10.1088/2041-8205/814/1/L7,1
10.3847/0004-6256/151/2/44,1
10.3847/0004-6256/151/3/52,2
10.3847/0004-6256/151/6/141,1
10.3847/0004-6256/152/3/70,1
10.3847/0004-6256/152/4/83,3
10.3847/0004-6256/152/5/149,1
10.3847/0004-6256/152/6/194,1
10.3847/0004-6256/152/6/205,1
10.3847/0004-637X/817/1/11,1
10.3847/0004-637X/817/1/8,1
10.3847/0004-637X/817/2/109,1
10.3847/0004-637X/818/1/1,1
10.3847/0004-637X/818/1/22,1
10.3847/0004-637X/818/1/67,1
10.3847/0004-637X/818/1/76,8
10.3847/0004-637X/818/2/115,2
10.3847/0004-637X/818/2/156,3
10.3847/0004-637X/819/1/61,6
10.3847/0004-637X/819/2/102,3
10.3847/0004-637X/819/2/135,1
10.3847/0004-637X/819/2/165,3
10.3847/0004-637X/820/1/18,1
10.3847/0004-637X/820/1/29,2
10.3847/0004-637X/820/1/54,3
10.3847/0004-637X/820/2/133,3
10.3847/0004-637X/821/1/6,1
10.3847/0004-637X/822/1/12,3
10.3847/0004-637X/822/1/26,1
10.3847/0004-637X/822/1/47,4
10.3847/0004-637X/822/1/51,2
10.3847/0004-637X/822/1/53,1
10.3847/0004-637X/822/2/97,2
10.3847/0004-637X/823/1/11,1
10.3847/0004-637X/823/1/50,6
10.3847/0004-637X/823/1/57,8
10.3847/0004-637X/823/2/157,1
10.3847/0004-637X/823/2/160,7
10.3847/0004-637X/823/2/79,1
10.3847/0004-637X/824/1/35,1
10.3847/0004-637X/824/1/52,1
10.3847/0004-637X/824/2/104,1
10.3847/0004-637X/824/2/83,7
10.3847/0004-637X/825/1/82,6
10.3847/0004-637X/825/2/132,3
10.3847/0004-637X/825/2/142,2
10.3847/0004-637X/825/2/145,1
10.3847/0004-637X/825/2/151,2
10.3847/0004-637X/826/1/66,1
10.3847/0004-637X/826/2/191,1
10.3847/0004-637X/827/1/12,7
10.3847/0004-637X/827/1/59,6
10.3847/0004-637X/827/2/144,2
10.3847/0004-637X/828/1/21,6
10.3847/0004-637X/828/1/40,6
10.3847/0004-637X/830/1/32,6
10.3847/0004-637X/830/1/36,7
10.3847/0004-637X/830/1/44,1
10.3847/0004-637X/831/1/104,1
10.3847/0004-637X/831/1/56,1
10.3847/0004-637X/831/1/63,3
10.3847/0004-637X/831/1/7,1
10.3847/0004-637X/831/1/79,1
10.3847/0004-637X/831/2/152,1
10.3847/0004-637X/832/1/18,6
10.3847/0004-637X/832/1/43,6
10.3847/0004-637X/832/1/67,2
10.3847/0004-637X/832/2/110,2
10.3847/0004-637X/832/2/175,6
10.3847/0004-637X/833/1/15,6
10.3847/0004-637X/833/1/16,1
10.3847/0004-637X/833/1/19,1
10.3847/0067-0049/222/1/10,3
10.3847/0067-0049/222/1/12,1
10.3847/0067-0049/223/1/9,1
10.3847/0067-0049/224/1/8,3
10.3847/0067-0049/224/2/14,1
10.3847/0067-0049/224/2/34,1
10.3847/0067-0049/224/2/40,1
10.3847/0067-0049/225/1/11,1
10.3847/0067-0049/225/2/26,1
10.3847/0067-0049/226/1/10,1
10.3847/0067-0049/226/1/5,2
10.3847/0067-0049/226/2/19,7
10.3847/1538-3881/152/6/228,8
10.3847/1538-3881/153/1/13,6
10.3847/1538-3881/153/2/58,4
10.3847/1538-3881/153/2/77,3
10.3847/1538-3881/153/3/114,1
10.3847/1538-3881/153/3/115,1
10.3847/1538-3881/153/3/116,6
10.3847/1538-3881/153/3/95,1
10.3847/1538-3881/aa5b8d,3
10.3847/1538-3881/aa63f1,1
10.3847/1538-3881/aa647b,3
10.3847/1538-3881/aa6d5d,2
10.3847/1538-3881/aa6d80,6
10.3847/1538-3881/aa733a,1
10.3847/1538-3881/aa73d7,9
10.3847/1538-3881/aa78a0,3
10.3847/1538-3881/aa84b4,1
10.3847/1538-3881/aa859f,10
10.3847/1538-3881/aa89ef,1
10.3847/1538-3881/aa90ba,2
10.3847/1538-3881/aa911c,6
10.3847/1538-3881/aa943b,6
10.3847/1538-3881/aa989f,6
10.3847/1538-3881/aa9bf4,1
10.3847/1538-3881/aaa01e,3
10.3847/1538-3881/aaa248,5
10.3847/1538-3881/aaa458,6
10.3847/1538-3881/aaa47e,10
10.3847/1538-3881/aab604,3
10.3847/1538-4357/833/1/33,1
10.3847/1538-4357/833/2/176,1
10.3847/1538-4357/833/2/178,1
10.3847/1538-4357/833/2/231,6
10.3847/1538-4357/833/2/232,1
10.3847/1538-4357/833/2/233,4
10.3847/1538-4357/833/2/281,2
10.3847/1538-4357/834/1/9,1
10.3847/1538-4357/834/2/112,6
10.3847/1538-4357/834/2/113,1
10.3847/1538-4357/834/2/122,6
10.3847/1538-4357/834/2/201,4
10.3847/1538-4357/834/2/205,1
10.3847/1538-4357/835/1/17,3
10.3847/1538-4357/835/1/64,6
10.3847/1538-4357/835/2/118,3
10.3847/1538-4357/835/2/230,3
10.3847/1538-4357/836/1/30,3
10.3847/1538-4357/836/1/50,3
10.3847/1538-4357/836/2/183,1
10.3847/1538-4357/839/1/56,4
10.3847/1538-4357/840/2/87,6
10.3847/1538-4357/849/1/1,6
10.3847/1538-4357/aa5b96,3
10.3847/1538-4357/aa5ebd,3
10.3847/1538-4357/aa5f56,1
10.3847/1538-4357/aa607e,2
10.3847/1538-4357/aa6197,1
10.3847/1538-4357/aa62a4,3
10.3847/1538-4357/aa64d0,1
10.3847/1538-4357/aa6570,1
10.3847/1538-4357/aa667f,1
10.3847/1538-4357/aa683d,1
10.3847/1538-4357/aa689a,3
10.3847/1538-4357/aa696c,3
10.3847/1538-4357/aa6983,2
10.3847/1538-4357/aa6b02,2
10.3847/1538-4357/aa6ba5,1
10.3847/1538-4357/aa6ba7,2
10.3847/1538-4357/aa6bfa,3
10.3847/1538-4357/aa6caf,1
10.3847/1538-4357/aa6d58,4
10.3847/1538-4357/aa6d63,1
10.3847/1538-4357/aa6d66,1
10.3847/1538-4357/aa6e4c,6
10.3847/1538-4357/aa6fae,1
10.3847/1538-4357/aa71b4,8
10.3847/1538-4357/aa7265,6
10.3847/1538-4357/aa7384,1
10.3847/1538-4357/aa73d3,1
10.3847/1538-4357/aa7575,6
10.3847/1538-4357/aa7634,1
10.3847/1538-4357/aa775e,1
10.3847/1538-4357/aa7855,3
10.3847/1538-4357/aa7897,1
10.3847/1538-4357/aa7b87,2
10.3847/1538-4357/aa7c18,5
10.3847/1538-4357/aa7e2d,1
10.3847/1538-4357/aa8262,3
10.3847/1538-4357/aa8263,3
10.3847/1538-4357/aa8309,1
10.3847/1538-4357/aa83b6,1
10.3847/1538-4357/aa844d,1
10.3847/1538-4357/aa845c,1
10.3847/1538-4357/aa8557,6
10.3847/1538-4357/aa859d,3
10.3847/1538-4357/aa8666,14
10.3847/1538-4357/aa8728,1
10.3847/1538-4357/aa88aa,4
10.3847/1538-4357/aa88ab,1
10.3847/1538-4357/aa88d4,1
10.3847/1538-4357/aa8a78,1
10.3847/1538-4357/aa8b16,1
10.3847/1538-4357/aa8fcf,3
10.3847/1538-4357/aa91ce,3
10.3847/1538-4357/aa9217,3
10.3847/1538-4357/aa9277,2
10.3847/1538-4357/aa93f0,1
10.3847/1538-4357/aa943f,3
10.3847/1538-4357/aa94c2,3
10.3847/1538-4357/aa956d,2
10.3847/1538-4357/aa9792,2
10.3847/1538-4357/aa989d,3
10.3847/1538-4357/aa9990,3
10.3847/1538-4357/aa9a3f,8
10.3847/1538-4357/aa9af3,1
10.3847/1538-4357/aa9be7,3
10.3847/1538-4357/aa9d40,7
10.3847/1538-4357/aa9e06,1
10.3847/1538-4357/aa9eda,7
10.3847/1538-4357/aa9f26,1
10.3847/1538-4357/aaa196,1
10.3847/1538-4357/aaa19c,3
10.3847/1538-4357/aaa1e7,6
10.3847/1538-4357/aaa3eb,6
10.3847/1538-4357/aaa481,3
10.3847/1538-4357/aaa542,6
10.3847/1538-4357/aaa546,3
10.3847/1538-4357/aaa767,3
10.3847/1538-4357/aaa8db,6
10.3847/1538-4357/aaa96d,3
10.3847/1538-4357/aaabbb,1
10.3847/1538-4357/aaac80,6
10.3847/1538-4357/aaac81,3
10.3847/1538-4357/aaae65,3
10.3847/1538-4357/aaaf66,4
10.3847/1538-4357/aab093,1
10.3847/1538-4357/aab107,3
10.3847/1538-4357/aab1f4,3
10.3847/1538-4357/aab207,1
10.3847/1538-4357/aab26a,1
10.3847/1538-4357/aab35b,1
10.3847/1538-4357/aab664,3
10.3847/1538-4357/aab6a6,3
10.3847/1538-4357/aab718,3
10.3847/1538-4357/aab719,1
10.3847/1538-4365/227/2/23,4
10.3847/1538-4365/aa7204,6
10.3847/1538-4365/aa7333,2
10.3847/1538-4365/aa7750,1
10.3847/1538-4365/aa8f4e,3
10.3847/1538-4365/aa99db,13
10.3847/1538-4365/aaa297,6
10.3847/1538-4365/aaab51,4
10.3847/1538-4365/aaacce,3
10.3847/1538-4365/aaaf67,6
10.3847/2041-8205/820/2/L40,3
10.3847/2041-8205/821/1/L4,4
10.3847/2041-8205/823/1/L18,3
10.3847/2041-8205/823/1/L8,5
10.3847/2041-8205/823/2/L32,2
10.3847/2041-8205/823/2/L36,8
10.3847/2041-8205/827/1/L11,6
10.3847/2041-8205/828/2/L15,6
10.3847/2041-8205/828/2/L19,8
10.3847/2041-8205/829/1/L7,6
10.3847/2041-8205/830/1/L21,1
10.3847/2041-8205/831/2/L12,6
10.3847/2041-8213/834/2/L7,7
10.3847/2041-8213/835/1/L11,5
10.3847/2041-8213/aa56c5,1
10.3847/2041-8213/aa6837,4
10.3847/2041-8213/aa6df8,3
10.3847/2041-8213/aa7a0c,7
10.3847/2041-8213/aa8771,3
10.3847/2041-8213/aa90b6,6
10.3847/2041-8213/aa9110,6
10.3847/2041-8213/aa9111,6
10.3847/2041-8213/aa9566,1
10.3847/2041-8213/aa9b7b,3
10.3847/2041-8213/aaa0ce,1
10.3847/2041-8213/aaa83b,12
10.3847/2041-8213/aab603,1
10.3847/2041-8213/aabadc,1
