DOI,Software_Package,Alias
#VALUE!,SAOImage DS9,7
#VALUE!,Spec2d,4
#VALUE!,WCSTools,6
10.1086/304882,SAOImage DS9,1
10.1086/312617,SAOImage DS9,1
10.1086/313204,SAOImage DS9,1
10.1086/321561,SAOImage DS9,1
10.1086/339572,WCSTools,1
10.1086/340936,SAOImage DS9,2
10.1086/342702,WCSTools,1
10.1086/343127,WCSTools,1
10.1086/346233,Spec2d,1
10.1086/374040,SAOImage DS9,1
10.1086/375528,Spec2d,1
10.1086/376406,SAOImage DS9,1
10.1086/378977,WCSTools,1
10.1086/379887,SAOImage DS9,1
10.1086/380120,WCSTools,1
10.1086/382125,Spec2d,1
10.1086/382676,SAOImage DS9,1
10.1086/383084,WCSTools,3
10.1086/383531,Spec2d,1
10.1086/421463,Spec2d,1
10.1086/421696,SAOImage DS9,1
10.1086/422187,SAOImage DS9,1
10.1086/422818,RADMC-3D,1
10.1086/422914,WCSTools,1
10.1086/423320,WCSTools,1
10.1086/426116,SAOImage DS9,1
10.1086/427688,RADMC-3D,1
10.1086/429154,SAOImage DS9,1
10.1086/429899,SAOImage DS9,2
10.1086/430443,WCSTools,1
10.1086/431416,Spec2d,1
10.1086/431471,WCSTools,1
10.1086/431784,WCSTools,3
10.1086/432099,SAOImage DS9,1
10.1086/444372,SAOImage DS9,1
10.1086/491595,SAOImage DS9,1
10.1086/496956,Spec2d,1
10.1086/497024,Spec2d,2
10.1086/498106,SAOImage DS9,3
10.1086/498388,Spec2d,2
10.1086/498700,Spec2d,2
10.1086/499399,WCSTools,1
10.1086/500426,Spec2d,1
10.1086/500918,Spec2d,1
10.1086/501341,SAOImage DS9,1
10.1086/502621,SAOImage DS9,1
10.1086/502621,WCSTools,1
10.1086/503362,Spec2d,1
10.1086/503521,WCSTools,1
10.1086/504704,SAOImage DS9,1
10.1086/504966,Spec2d,1
10.1086/505018,SAOImage DS9,2
10.1086/505562,Spec2d,1
10.1086/505628,Spec2d,1
10.1086/506191,SAOImage DS9,2
10.1086/507015,SAOImage DS9,2
10.1086/507273,WCSTools,1
10.1086/508051,RADMC-3D,1
10.1086/508350,WCSTools,1
10.1086/508530,WCSTools,1
10.1086/508532,SAOImage DS9,1
10.1086/508621,Spec2d,1
10.1086/508643,Spec2d,2
10.1086/508921,Spec2d,1
10.1086/509147,SAOImage DS9,1
10.1086/509322,WCSTools,1
10.1086/510570,RADMC-3D,1
10.1086/510571,RADMC-3D,1
10.1086/510828,Spec2d,1
10.1086/510879,Spec2d,1
10.1086/510898,SAOImage DS9,1
10.1086/511059,Spec2d,1
10.1086/511060,Spec2d,1
10.1086/512478,Spec2d,1
10.1086/512599,SAOImage DS9,1
10.1086/513005,Spec2d,1
10.1086/513090,SAOImage DS9,1
10.1086/513464,Spec2d,1
10.1086/513712,SAOImage DS9,1
10.1086/513869,SAOImage DS9,1
10.1086/514817,RADMC-3D,1
10.1086/516578,Spec2d,2
10.1086/517962,WCSTools,2
10.1086/518302,Spec2d,1
10.1086/518397,SAOImage DS9,1
10.1086/518414,SAOImage DS9,1
10.1086/518877,SAOImage DS9,1
10.1086/519068,WCSTools,3
10.1086/519308,WCSTools,1
10.1086/520530,Spec2d,1
10.1086/520711,SAOImage DS9,1
10.1086/520808,RADMC-3D,1
10.1086/521044,WCSTools,1
10.1086/521094,Spec2d,1
10.1086/521427,SAOImage DS9,1
10.1086/521433,Spec2d,2
10.1086/521646,SAOImage DS9,1
10.1086/522194,SAOImage DS9,1
10.1086/522303,Spec2d,1
10.1086/522623,SAOImage DS9,1
10.1086/522690,WCSTools,1
10.1086/522827,Spec2d,1
10.1086/522908,Spec2d,2
10.1086/522942,SAOImage DS9,1
10.1086/523265,SAOImage DS9,1
10.1086/524361,SAOImage DS9,1
10.1086/524984,Spec2d,1
10.1086/526426,SAOImage DS9,1
10.1086/529026,SAOImage DS9,1
10.1086/529117,SAOImage DS9,1
10.1086/533431,RADMC-3D,1
10.1086/533464,RADMC-3D,1
10.1086/586736,SAOImage DS9,1
10.1086/587637,Spec2d,1
10.1086/588722,WCSTools,3
10.1086/588730,RADMC-3D,1
10.1086/588810,WCSTools,1
10.1086/589137,SAOImage DS9,1
10.1086/589627,Spec2d,1
10.1086/589914,Spec2d,1
10.1086/589922,WCSTools,1
10.1086/589991,Spec2d,1
10.1086/590105,Spec2d,1
10.1086/590142,SAOImage DS9,1
10.1086/590232,SAOImage DS9,1
10.1086/590416,Spec2d,1
10.1086/590555,Spec2d,1
10.1086/591019,SAOImage DS9,2
10.1086/591023,SAOImage DS9,1
10.1086/591024,SAOImage DS9,2
10.1086/591085,RADMC-3D,1
10.1086/591436,SAOImage DS9,1
10.1086/591542,Spec2d,1
10.1086/591648,SAOImage DS9,1
10.1086/591779,Spec2d,1
10.1086/592287,SAOImage DS9,1
10.1086/592373,Spec2d,1
10.1088/0004-6256/136/1/51,WCSTools,1
10.1088/0004-6256/136/6/2391,SAOImage DS9,2
10.1088/0004-6256/136/6/2473,SAOImage DS9,2
10.1088/0004-6256/137/5/4339,WCSTools,2
10.1088/0004-6256/137/6/4867,Spec2d,1
10.1088/0004-6256/137/6/4956,Spec2d,3
10.1088/0004-6256/137/6/5134,SAOImage DS9,2
10.1088/0004-6256/138/2/568,SAOImage DS9,2
10.1088/0004-6256/138/6/1985,SAOImage DS9,2
10.1088/0004-6256/139/1/158,WCSTools,1
10.1088/0004-6256/139/2/348,WCSTools,2
10.1088/0004-6256/139/2/626,RADMC-3D,3
10.1088/0004-6256/139/4/1566,Spec2d,3
10.1088/0004-6256/139/5/1782,WCSTools,2
10.1088/0004-6256/139/5/2026,WCSTools,5
10.1088/0004-6256/139/6/2184,SAOImage DS9,1
10.1088/0004-6256/139/6/2208,SAOImage DS9,1
10.1088/0004-6256/139/6/2643,SAOImage DS9,1
10.1088/0004-6256/140/1/75,SAOImage DS9,1
10.1088/0004-6256/140/2/339,SAOImage DS9,1
10.1088/0004-6256/140/2/379,WCSTools,3
10.1088/0004-6256/140/2/612,SAOImage DS9,1
10.1088/0004-6256/140/2/652,SAOImage DS9,1
10.1088/0004-6256/140/3/887,RADMC-3D,3
10.1088/0004-6256/140/3/897,WCSTools,3
10.1088/0004-6256/140/4/1062,WCSTools,2
10.1088/0004-6256/140/5/1486,WCSTools,1
10.1088/0004-6256/140/6/1623,SAOImage DS9,1
10.1088/0004-6256/140/6/1646,SAOImage DS9,1
10.1088/0004-6256/140/6/1814,SAOImage DS9,2
10.1088/0004-6256/140/6/1814,WCSTools,2
10.1088/0004-6256/140/6/2101,WCSTools,2
10.1088/0004-6256/141/3/71,WCSTools,2
10.1088/0004-6256/142/1/2,WCSTools,2
10.1088/0004-6256/142/1/25,WCSTools,3
10.1088/0004-6256/142/2/42,SAOImage DS9,1
10.1088/0004-6256/142/2/58,WCSTools,2
10.1088/0004-6256/142/3/72,Spec2d,1
10.1088/0004-6256/142/3/88,Spec2d,1
10.1088/0004-6256/142/4/128,Spec2d,1
10.1088/0004-6256/142/5/145,SAOImage DS9,1
10.1088/0004-6256/142/5/155,WCSTools,2
10.1088/0004-6256/143/1/8,SAOImage DS9,1
10.1088/0004-6256/143/2/38,SAOImage DS9,1
10.1088/0004-6256/143/4/78,SAOImage DS9,1
10.1088/0004-6256/143/4/90,Spec2d,1
10.1088/0004-6256/144/2/62,WCSTools,3
10.1088/0004-6256/144/5/125,SAOImage DS9,1
10.1088/0004-6256/144/5/144,Spec2d,2
10.1088/0004-6256/144/5/152,SAOImage DS9,1
10.1088/0004-6256/144/6/166,WCSTools,2
10.1088/0004-6256/144/6/173,SAOImage DS9,1
10.1088/0004-6256/144/6/190,SAOImage DS9,1
10.1088/0004-6256/145/1/10,Spec2d,2
10.1088/0004-6256/145/2/44,SAOImage DS9,1
10.1088/0004-6256/145/3/69,Spec2d,1
10.1088/0004-6256/145/3/82,WCSTools,1
10.1088/0004-6256/145/5/125,SAOImage DS9,1
10.1088/0004-6256/146/1/11,SAOImage DS9,1
10.1088/0004-6256/146/2/32,Spec2d,1
10.1088/0004-6256/146/5/104,SAOImage DS9,1
10.1088/0004-6256/146/5/110,SAOImage DS9,1
10.1088/0004-6256/146/5/118,SAOImage DS9,1
10.1088/0004-6256/147/3/61,SAOImage DS9,2
10.1088/0004-6256/147/4/75,Spec2d,1
10.1088/0004-6256/147/5/95,SAOImage DS9,1
10.1088/0004-6256/148/1/13,Astropy,4
10.1088/0004-6256/148/1/14,Astropy,5
10.1088/0004-6256/148/3/41,WCSTools,1
10.1088/0004-6256/148/3/53,Astropy,4
10.1088/0004-6256/148/6/120,SAOImage DS9,2
10.1088/0004-6256/148/6/122,Astropy,4
10.1088/0004-6256/149/4/117,WCSTools,2
10.1088/0004-6256/149/4/123,SAOImage DS9,1
10.1088/0004-6256/149/4/135,WCSTools,2
10.1088/0004-6256/150/1/19,Spec2d,1
10.1088/0004-6256/150/4/101,SAOImage DS9,1
10.1088/0004-6256/150/4/118,Astropy,4
10.1088/0004-6256/150/4/132,Astropy,4
10.1088/0004-6256/150/5/145,Astropy,4
10.1088/0004-6256/150/5/150,SAOImage DS9,3
10.1088/0004-6256/150/5/159,SAOImage DS9,1
10.1088/0004-6256/150/6/179,Astropy,4
10.1088/0004-6256/150/6/189,Astropy,4
10.1088/0004-637X/692/2/1464,Spec2d,1
10.1088/0004-637X/692/2/L123,SAOImage DS9,1
10.1088/0004-637X/693/1/347,SAOImage DS9,1
10.1088/0004-637X/693/1/617,Spec2d,1
10.1088/0004-637X/693/2/1209,RADMC-3D,3
10.1088/0004-637X/693/2/1290,RADMC-3D,3
10.1088/0004-637X/693/2/1803,SAOImage DS9,1
10.1088/0004-637X/693/2/1883,SAOImage DS9,1
10.1088/0004-637X/694/1/425,SAOImage DS9,1
10.1088/0004-637X/694/1/449,SAOImage DS9,2
10.1088/0004-637X/694/2/1517,Spec2d,2
10.1088/0004-637X/695/1/511,WCSTools,2
10.1088/0004-637X/695/2/1024,RADMC-3D,5
10.1088/0004-637X/695/2/1094,SAOImage DS9,1
10.1088/0004-637X/696/1/214,Spec2d,2
10.1088/0004-637X/696/1/980,SAOImage DS9,1
10.1088/0004-637X/696/2/1125,SAOImage DS9,1
10.1088/0004-637X/696/2/1164,Spec2d,2
10.1088/0004-637X/696/2/1195,Spec2d,3
10.1088/0004-637X/696/2/1278,SAOImage DS9,2
10.1088/0004-637X/697/1/557,RADMC-3D,2
10.1088/0004-637X/698/1/317,SAOImage DS9,1
10.1088/0004-637X/698/2/1367,Spec2d,2
10.1088/0004-637X/698/2/L169,RADMC-3D,1
10.1088/0004-637X/699/1/150,SAOImage DS9,1
10.1088/0004-637X/699/1/732,SAOImage DS9,1
10.1088/0004-637X/699/2/1822,RADMC-3D,2
10.1088/0004-637X/700/1/20,Spec2d,2
10.1088/0004-637X/700/2/1502,RADMC-3D,3
10.1088/0004-637X/701/1/571,RADMC-3D,2
10.1088/0004-637X/701/1/66,Spec2d,1
10.1088/0004-637X/701/1/66,WCSTools,2
10.1088/0004-637X/701/1/776,Spec2d,2
10.1088/0004-637X/701/2/1605,WCSTools,2
10.1088/0004-637X/702/1/327,SAOImage DS9,1
10.1088/0004-637X/702/1/L82,Spec2d,1
10.1088/0004-637X/702/2/1615,SAOImage DS9,1
10.1088/0004-637X/703/1/348,SAOImage DS9,1
10.1088/0004-637X/703/2/1872,SAOImage DS9,1
10.1088/0004-637X/704/1/415,SAOImage DS9,1
10.1088/0004-637X/704/1/415,Spec2d,1
10.1088/0004-637X/704/1/496,RADMC-3D,3
10.1088/0004-637X/704/2/1471,RADMC-3D,3
10.1088/0004-637X/704/2/1482,RADMC-3D,3
10.1088/0004-637X/705/1/1043,Spec2d,1
10.1088/0004-637X/705/1/328,Spec2d,1
10.1088/0004-637X/705/2/1275,Spec2d,2
10.1088/0004-637X/706/1/252,SAOImage DS9,1
10.1088/0004-637X/706/1/665,RADMC-3D,2
10.1088/0004-637X/707/1/103,RADMC-3D,3
10.1088/0004-637X/707/1/310,SAOImage DS9,2
10.1088/0004-637X/707/1/705,RADMC-3D,2
10.1088/0004-637X/707/2/1361,SAOImage DS9,2
10.1088/0004-637X/707/2/1417,WCSTools,1
10.1088/0004-637X/708/2/946,WCSTools,1
10.1088/0004-637X/709/1/218,SAOImage DS9,2
10.1088/0004-637X/709/2/1067,SAOImage DS9,2
10.1088/0004-637X/709/2/572,Spec2d,2
10.1088/0004-637X/710/1/462,RADMC-3D,3
10.1088/0004-637X/710/1/470,RADMC-3D,3
10.1088/0004-637X/710/1/583,WCSTools,2
10.1088/0004-637X/710/2/1776,SAOImage DS9,2
10.1088/0004-637X/710/2/964,SAOImage DS9,2
10.1088/0004-637X/711/1/361,Spec2d,1
10.1088/0004-637X/711/2/671,Spec2d,1
10.1088/0004-637X/711/2/731,WCSTools,1
10.1088/0004-637X/712/1/574,Spec2d,1
10.1088/0004-637X/712/2/1010,WCSTools,2
10.1088/0004-637X/713/2/1073,WCSTools,2
10.1088/0004-637X/714/1/45,WCSTools,2
10.1088/0004-637X/714/1/589,SAOImage DS9,1
10.1088/0004-637X/714/2/1582,SAOImage DS9,2
10.1088/0004-637X/716/2/1478,SAOImage DS9,1
10.1088/0004-637X/716/2/970,Spec2d,1
10.1088/0004-637X/717/1/209,SAOImage DS9,1
10.1088/0004-637X/717/2/693,RADMC-3D,2
10.1088/0004-637X/718/1/133,Spec2d,2
10.1088/0004-637X/718/1/558,RADMC-3D,2
10.1088/0004-637X/718/2/1200,RADMC-3D,3
10.1088/0004-637X/719/1/831,RADMC-3D,4
10.1088/0004-637X/719/2/1565,RADMC-3D,2
10.1088/0004-637X/720/1/155,SAOImage DS9,1
10.1088/0004-637X/720/1/64,SAOImage DS9,4
10.1088/0004-637X/720/2/1202,SAOImage DS9,1
10.1088/0004-637X/720/2/1668,RADMC-3D,3
10.1088/0004-637X/721/1/431,RADMC-3D,2
10.1088/0004-637X/721/1/597,SAOImage DS9,1
10.1088/0004-637X/721/1/98,Spec2d,1
10.1088/0004-637X/721/2/1206,WCSTools,2
10.1088/0004-637X/721/2/1919,SAOImage DS9,1
10.1088/0004-637X/721/2/995,RADMC-3D,3
10.1088/0004-637X/722/1/491,Spec2d,2
10.1088/0004-637X/722/2/1556,RADMC-3D,2
10.1088/0004-637X/723/2/1241,RADMC-3D,3
10.1088/0004-637X/724/1/267,SAOImage DS9,2
10.1088/0004-637X/724/1/470,RADMC-3D,2
10.1088/0004-637X/725/1/134,RADMC-3D,4
10.1088/0004-637X/725/1/288,Spec2d,1
10.1088/0004-637X/726/1/39,SAOImage DS9,1
10.1088/0004-637X/728/1/49,RADMC-3D,2
10.1088/0004-637X/729/2/84,RADMC-3D,3
10.1088/0004-637X/730/2/112,SAOImage DS9,1
10.1088/0004-637X/730/2/137,Spec2d,1
10.1088/0004-637X/730/2/68,Spec2d,1
10.1088/0004-637X/730/2/92,SAOImage DS9,1
10.1088/0004-637X/731/2/93,SAOImage DS9,1
10.1088/0004-637X/732/1/21,Spec2d,2
10.1088/0004-637X/732/1/42,RADMC-3D,3
10.1088/0004-637X/732/2/106,RADMC-3D,2
10.1088/0004-637X/732/2/107,RADMC-3D,3
10.1088/0004-637X/732/2/124,SAOImage DS9,2
10.1088/0004-637X/733/1/3,Spec2d,2
10.1088/0004-637X/733/1/3,WCSTools,2
10.1088/0004-637X/733/1/46,Spec2d,1
10.1088/0004-637X/733/2/103,SAOImage DS9,1
10.1088/0004-637X/733/2/103,Spec2d,1
10.1088/0004-637X/733/2/124,SAOImage DS9,1
10.1088/0004-637X/733/2/99,Spec2d,2
10.1088/0004-637X/734/2/119,Spec2d,1
10.1088/0004-637X/734/2/87,SAOImage DS9,2
10.1088/0004-637X/736/2/104,Spec2d,2
10.1088/0004-637X/736/2/125,SAOImage DS9,1
10.1088/0004-637X/736/2/154,SAOImage DS9,1
10.1088/0004-637X/737/1/46,SAOImage DS9,1
10.1088/0004-637X/737/2/57,RADMC-3D,2
10.1088/0004-637X/738/2/131,RADMC-3D,3
10.1088/0004-637X/739/1/50,RADMC-3D,2
10.1088/0004-637X/739/2/57,WCSTools,1
10.1088/0004-637X/740/2/118,RADMC-3D,2
10.1088/0004-637X/741/1/3,RADMC-3D,2
10.1088/0004-637X/741/2/115,Spec2d,3
10.1088/0004-637X/741/2/122,Spec2d,2
10.1088/0004-637X/741/2/98,Spec2d,1
10.1088/0004-637X/742/1/39,RADMC-3D,6
10.1088/0004-637X/743/1/65,Spec2d,3
10.1088/0004-637X/743/1/81,WCSTools,2
10.1088/0004-637X/743/2/144,Spec2d,2
10.1088/0004-637X/743/2/167,Spec2d,1
10.1088/0004-637X/743/2/176,WCSTools,2
10.1088/0004-637X/744/1/38,Spec2d,1
10.1088/0004-637X/744/2/116,RADMC-3D,2
10.1088/0004-637X/744/2/118,RADMC-3D,5
10.1088/0004-637X/744/2/126,SAOImage DS9,1
10.1088/0004-637X/744/2/149,Spec2d,2
10.1088/0004-637X/744/2/162,RADMC-3D,3
10.1088/0004-637X/744/2/83,Spec2d,2
10.1088/0004-637X/745/1/99,SAOImage DS9,1
10.1088/0004-637X/745/2/106,Spec2d,1
10.1088/0004-637X/745/2/116,SAOImage DS9,1
10.1088/0004-637X/747/1/15,Spec2d,1
10.1088/0004-637X/747/1/28,SAOImage DS9,2
10.1088/0004-637X/747/1/35,SAOImage DS9,1
10.1088/0004-637X/747/1/52,RADMC-3D,3
10.1088/0004-637X/747/2/103,RADMC-3D,2
10.1088/0004-637X/747/2/92,RADMC-3D,3
10.1088/0004-637X/748/2/81,SAOImage DS9,1
10.1088/0004-637X/749/2/123,RADMC-3D,2
10.1088/0004-637X/749/2/146,SAOImage DS9,1
10.1088/0004-637X/749/2/153,RADMC-3D,2
10.1088/0004-637X/750/1/64,RADMC-3D,2
10.1088/0004-637X/750/1/86,WCSTools,2
10.1088/0004-637X/750/2/161,RADMC-3D,2
10.1088/0004-637X/751/1/22,WCSTools,2
10.1088/0004-637X/751/1/25,SAOImage DS9,1
10.1088/0004-637X/751/1/27,RADMC-3D,2
10.1088/0004-637X/751/1/46,Spec2d,2
10.1088/0004-637X/751/1/51,Spec2d,2
10.1088/0004-637X/751/2/95,SAOImage DS9,1
10.1088/0004-637X/752/1/45,Astropy,1
10.1088/0004-637X/752/1/45,Spec2d,3
10.1088/0004-637X/752/1/59,WCSTools,2
10.1088/0004-637X/752/2/114,Spec2d,2
10.1088/0004-637X/752/2/143,RADMC-3D,2
10.1088/0004-637X/752/2/147,Spec2d,2
10.1088/0004-637X/753/2/153,RADMC-3D,2
10.1088/0004-637X/753/2/94,SAOImage DS9,1
10.1088/0004-637X/754/1/17,Spec2d,2
10.1088/0004-637X/754/1/27,WCSTools,1
10.1088/0004-637X/754/1/64,RADMC-3D,2
10.1088/0004-637X/755/1/23,RADMC-3D,3
10.1088/0004-637X/755/1/40,SAOImage DS9,1
10.1088/0004-637X/755/1/67,RADMC-3D,1
10.1088/0004-637X/755/1/8,RADMC-3D,3
10.1088/0004-637X/755/2/105,WCSTools,1
10.1088/0004-637X/755/2/165,WCSTools,2
10.1088/0004-637X/755/2/174,SAOImage DS9,1
10.1088/0004-637X/755/2/85,SAOImage DS9,2
10.1088/0004-637X/756/1/32,WCSTools,1
10.1088/0004-637X/756/2/168,RADMC-3D,4
10.1088/0004-637X/757/1/40,WCSTools,1
10.1088/0004-637X/757/1/43,Spec2d,3
10.1088/0004-637X/757/1/54,Spec2d,1
10.1088/0004-637X/757/2/129,RADMC-3D,2
10.1088/0004-637X/758/1/28,SAOImage DS9,1
10.1088/0004-637X/758/2/124,Spec2d,1
10.1088/0004-637X/759/1/26,Spec2d,4
10.1088/0004-637X/759/1/34,SAOImage DS9,2
10.1088/0004-637X/759/1/48,SAOImage DS9,1
10.1088/0004-637X/759/1/48,WCSTools,1
10.1088/0004-637X/759/1/67,Spec2d,2
10.1088/0004-637X/760/1/76,Spec2d,3
10.1088/0004-637X/760/1/91,RADMC-3D,2
10.1088/0004-637X/760/2/111,RADMC-3D,2
10.1088/0004-637X/760/2/128,Spec2d,1
10.1088/0004-637X/761/1/3,SAOImage DS9,1
10.1088/0004-637X/761/2/117,SAOImage DS9,1
10.1088/0004-637X/761/2/139,Spec2d,2
10.1088/0004-637X/761/2/140,Spec2d,2
10.1088/0004-637X/762/1/1,SAOImage DS9,1
10.1088/0004-637X/762/2/113,RADMC-3D,2
10.1088/0004-637X/762/2/120,RADMC-3D,2
10.1088/0004-637X/762/2/87,SAOImage DS9,1
10.1088/0004-637X/763/2/124,Spec2d,1
10.1088/0004-637X/763/2/96,WCSTools,1
10.1088/0004-637X/764/2/176,Spec2d,3
10.1088/0004-637X/765/1/28,SAOImage DS9,3
10.1088/0004-637X/765/1/65,Spec2d,2
10.1088/0004-637X/765/2/141,SAOImage DS9,2
10.1088/0004-637X/766/1/8,RADMC-3D,2
10.1088/0004-637X/766/2/82,RADMC-3D,3
10.1088/0004-637X/767/1/57,Spec2d,1
10.1088/0004-637X/767/1/62,WCSTools,1
10.1088/0004-637X/767/2/134,Spec2d,1
10.1088/0004-637X/767/2/166,SAOImage DS9,2
10.1088/0004-637X/768/1/4,Spec2d,2
10.1088/0004-637X/768/1/50,Astropy,2
10.1088/0004-637X/768/1/50,Spec2d,2
10.1088/0004-637X/768/1/90,SAOImage DS9,2
10.1088/0004-637X/768/1/93,Spec2d,2
10.1088/0004-637X/769/1/21,RADMC-3D,3
10.1088/0004-637X/769/1/73,RADMC-3D,2
10.1088/0004-637X/769/2/120,SAOImage DS9,1
10.1088/0004-637X/769/2/148,Spec2d,1
10.1088/0004-637X/769/2/92,SAOImage DS9,1
10.1088/0004-637X/770/1/16,Spec2d,1
10.1088/0004-637X/770/2/107,Spec2d,2
10.1088/0004-637X/770/2/107,WCSTools,2
10.1088/0004-637X/771/1/24,RADMC-3D,1
10.1088/0004-637X/771/1/25,Spec2d,3
10.1088/0004-637X/771/2/129,RADMC-3D,2
10.1088/0004-637X/771/2/133,SAOImage DS9,1
10.1088/0004-637X/772/1/34,RADMC-3D,2
10.1088/0004-637X/772/2/126,WCSTools,1
10.1088/0004-637X/772/2/131,Spec2d,1
10.1088/0004-637X/773/1/45,SAOImage DS9,1
10.1088/0004-637X/773/1/60,SAOImage DS9,2
10.1088/0004-637X/773/2/91,SAOImage DS9,1
10.1088/0004-637X/775/1/9,SAOImage DS9,1
10.1088/0004-637X/775/2/114,RADMC-3D,2
10.1088/0004-637X/775/2/136,RADMC-3D,2
10.1088/0004-637X/777/1/45,SAOImage DS9,2
10.1088/0004-637X/777/1/64,Spec2d,2
10.1088/0004-637X/777/2/116,Spec2d,2
10.1088/0004-637X/777/2/173,RADMC-3D,2
10.1088/0004-637X/777/2/89,SAOImage DS9,1
10.1088/0004-637X/777/2/98,Spec2d,1
10.1088/0004-637X/778/1/19,WCSTools,1
10.1088/0004-637X/778/2/163,SAOImage DS9,1
10.1088/0004-637X/778/2/91,WCSTools,2
10.1088/0004-637X/779/1/42,WCSTools,3
10.1088/0004-637X/779/1/50,Astropy,5
10.1088/0004-637X/779/1/52,Spec2d,1
10.1088/0004-637X/779/2/102,Spec2d,3
10.1088/0004-637X/779/2/121,SAOImage DS9,1
10.1088/0004-637X/779/2/186,SAOImage DS9,1
10.1088/0004-637X/780/1/75,Astropy,4
10.1088/0004-637X/780/2/119,Spec2d,1
10.1088/0004-637X/780/2/132,SAOImage DS9,1
10.1088/0004-637X/781/1/2,Spec2d,1
10.1088/0004-637X/781/1/35,Astropy,4
10.1088/0004-637X/782/1/29,Astropy,1
10.1088/0004-637X/782/1/33,Spec2d,2
10.1088/0004-637X/782/2/115,Spec2d,2
10.1088/0004-637X/782/2/78,Astropy,4
10.1088/0004-637X/782/2/79,Spec2d,2
10.1088/0004-637X/783/1/40,Spec2d,2
10.1088/0004-637X/783/1/41,Spec2d,2
10.1088/0004-637X/783/2/119,Spec2d,2
10.1088/0004-637X/783/2/93,Astropy,5
10.1088/0004-637X/783/2/93,RADMC-3D,2
10.1088/0004-637X/784/1/36,SAOImage DS9,2
10.1088/0004-637X/784/1/61,RADMC-3D,2
10.1088/0004-637X/784/1/80,RADMC-3D,2
10.1088/0004-637X/784/2/137,Astropy,4
10.1088/0004-637X/785/2/131,Spec2d,1
10.1088/0004-637X/785/2/148,SAOImage DS9,1
10.1088/0004-637X/786/1/41,SAOImage DS9,1
10.1088/0004-637X/786/2/116,SAOImage DS9,1
10.1088/0004-637X/787/1/37,RADMC-3D,2
10.1088/0004-637X/787/1/55,WCSTools,2
10.1088/0004-637X/787/2/107,SAOImage DS9,1
10.1088/0004-637X/787/2/108,SAOImage DS9,1
10.1088/0004-637X/787/2/113,SAOImage DS9,1
10.1088/0004-637X/788/1/12,Astropy,4
10.1088/0004-637X/788/1/14,RADMC-3D,2
10.1088/0004-637X/788/1/55,SAOImage DS9,3
10.1088/0004-637X/788/1/59,Astropy,4
10.1088/0004-637X/788/1/59,RADMC-3D,2
10.1088/0004-637X/788/1/88,Spec2d,6
10.1088/0004-637X/788/2/109,Spec2d,2
10.1088/0004-637X/788/2/187,Astropy,5
10.1088/0004-637X/789/1/12,Astropy,4
10.1088/0004-637X/789/1/24,Astropy,4
10.1088/0004-637X/789/1/64,SAOImage DS9,1
10.1088/0004-637X/789/2/119,Astropy,5
10.1088/0004-637X/789/2/138,WCSTools,1
10.1088/0004-637X/789/2/147,Astropy,4
10.1088/0004-637X/789/2/148,Astropy,4
10.1088/0004-637X/789/2/96,Spec2d,2
10.1088/0004-637X/790/1/43,Astropy,2
10.1088/0004-637X/790/1/73,Spec2d,3
10.1088/0004-637X/790/2/117,SAOImage DS9,1
10.1088/0004-637X/791/1/19,RADMC-3D,1
10.1088/0004-637X/791/1/42,RADMC-3D,3
10.1088/0004-637X/791/2/108,Astropy,4
10.1088/0004-637X/791/2/113,Spec2d,2
10.1088/0004-637X/791/2/119,SAOImage DS9,1
10.1088/0004-637X/792/1/15,Spec2d,1
10.1088/0004-637X/792/1/16,Spec2d,3
10.1088/0004-637X/792/1/2,RADMC-3D,3
10.1088/0004-637X/792/1/68,RADMC-3D,3
10.1088/0004-637X/792/2/84,Spec2d,1
10.1088/0004-637X/792/2/95,Spec2d,2
10.1088/0004-637X/793/2/73,SAOImage DS9,1
10.1088/0004-637X/793/2/74,SAOImage DS9,1
10.1088/0004-637X/794/1/4,Astropy,4
10.1088/0004-637X/794/2/107,SAOImage DS9,2
10.1088/0004-637X/794/2/146,Astropy,4
10.1088/0004-637X/794/2/156,Spec2d,3
10.1088/0004-637X/795/2/105,Astropy,4
10.1088/0004-637X/795/2/105,SAOImage DS9,1
10.1088/0004-637X/796/1/52,Spec2d,3
10.1088/0004-637X/796/2/120,Astropy,4
10.1088/0004-637X/796/2/141,RADMC-3D,2
10.1088/0004-637X/796/2/76,Spec2d,4
10.1088/0004-637X/797/1/4,RADMC-3D,4
10.1088/0004-637X/797/1/40,Astropy,4
10.1088/0004-637X/797/2/102,Spec2d,2
10.1088/0004-637X/797/2/114,Astropy,4
10.1088/0004-637X/797/2/134,Astropy,4
10.1088/0004-637X/797/2/91,SAOImage DS9,1
10.1088/0004-637X/798/1/11,RADMC-3D,5
10.1088/0004-637X/798/1/24,Astropy,4
10.1088/0004-637X/798/1/26,Spec2d,2
10.1088/0004-637X/799/1/28,Astropy,4
10.1088/0004-637X/799/1/53,Astropy,4
10.1088/0004-637X/799/1/72,Spec2d,2
10.1088/0004-637X/799/2/136,Astropy,4
10.1088/0004-637X/799/2/148,Spec2d,5
10.1088/0004-637X/799/2/194,Astropy,4
10.1088/0004-637X/799/2/196,Spec2d,1
10.1088/0004-637X/799/2/235,RADMC-3D,2
10.1088/0004-637X/800/1/20,Spec2d,2
10.1088/0004-637X/800/2/109,Astropy,4
10.1088/0004-637X/800/2/120,SAOImage DS9,1
10.1088/0004-637X/801/1/60,Astropy,4
10.1088/0004-637X/801/1/65,SAOImage DS9,1
10.1088/0004-637X/801/2/125,Spec2d,4
10.1088/0004-637X/801/2/127,Spec2d,1
10.1088/0004-637X/801/2/142,SAOImage DS9,2
10.1088/0004-637X/801/2/85,RADMC-3D,2
10.1088/0004-637X/801/2/92,SAOImage DS9,1
10.1088/0004-637X/801/2/97,Spec2d,5
10.1088/0004-637X/802/1/14,Astropy,3
10.1088/0004-637X/802/1/15,SAOImage DS9,1
10.1088/0004-637X/802/1/60,SAOImage DS9,1
10.1088/0004-637X/802/2/101,Astropy,4
10.1088/0004-637X/802/2/126,RADMC-3D,3
10.1088/0004-637X/802/2/86,RADMC-3D,3
10.1088/0004-637X/803/1/18,RADMC-3D,2
10.1088/0004-637X/803/1/22,Astropy,3
10.1088/0004-637X/803/1/28,SAOImage DS9,2
10.1088/0004-637X/803/1/29,Astropy,5
10.1088/0004-637X/803/1/41,Astropy,4
10.1088/0004-637X/803/2/105,Spec2d,2
10.1088/0004-637X/803/2/51,Spec2d,2
10.1088/0004-637X/804/1/22,Astropy,4
10.1088/0004-637X/804/2/118,Astropy,5
10.1088/0004-637X/804/2/136,Astropy,3
10.1088/0004-637X/804/2/143,RADMC-3D,2
10.1088/0004-637X/804/2/144,Astropy,4
10.1088/0004-637X/804/2/83,Astropy,1
10.1088/0004-637X/805/1/45,Spec2d,2
10.1088/0004-637X/805/2/130,Astropy,4
10.1088/0004-637X/805/2/143,Spec2d,5
10.1088/0004-637X/805/2/183,Astropy,4
10.1088/0004-637X/805/2/96,Spec2d,2
10.1088/0004-637X/806/1/106,SAOImage DS9,1
10.1088/0004-637X/806/1/136,Spec2d,2
10.1088/0004-637X/806/1/23,RADMC-3D,3
10.1088/0004-637X/806/1/52,Astropy,4
10.1088/0004-637X/806/2/149,Astropy,4
10.1088/0004-637X/806/2/154,Astropy,3
10.1088/0004-637X/806/2/154,RADMC-3D,2
10.1088/0004-637X/806/2/189,Spec2d,2
10.1088/0004-637X/806/2/198,Astropy,3
10.1088/0004-637X/806/2/253,RADMC-3D,2
10.1088/0004-637X/806/2/260,Astropy,4
10.1088/0004-637X/807/1/48,SAOImage DS9,1
10.1088/0004-637X/807/1/56,SAOImage DS9,1
10.1088/0004-637X/807/1/67,Astropy,5
10.1088/0004-637X/808/1/102,RADMC-3D,3
10.1088/0004-637X/808/1/6,Astropy,4
10.1088/0004-637X/808/1/95,Spec2d,2
10.1088/0004-637X/808/2/139,Spec2d,4
10.1088/0004-637X/808/2/161,Astropy,4
10.1088/0004-637X/808/2/165,RADMC-3D,2
10.1088/0004-637X/808/2/189,Astropy,3
10.1088/0004-637X/809/1/17,WCSTools,1
10.1088/0004-637X/809/1/78,RADMC-3D,2
10.1088/0004-637X/809/2/110,Astropy,4
10.1088/0004-637X/809/2/153,SAOImage DS9,2
10.1088/0004-637X/810/1/56,Spec2d,4
10.1088/0004-637X/810/1/6,RADMC-3D,2
10.1088/0004-637X/810/1/60,Spec2d,4
10.1088/0004-637X/810/2/116,Astropy,4
10.1088/0004-637X/810/2/90,Spec2d,2
10.1088/0004-637X/811/1/23,Astropy,4
10.1088/0004-637X/811/1/26,Spec2d,1
10.1088/0004-637X/811/1/62,Astropy,4
10.1088/0004-637X/811/1/71,RADMC-3D,3
10.1088/0004-637X/811/2/145,SAOImage DS9,2
10.1088/0004-637X/811/2/146,RADMC-3D,2
10.1088/0004-637X/811/2/78,Astropy,3
10.1088/0004-637X/811/2/90,Spec2d,2
10.1088/0004-637X/811/2/91,Spec2d,3
10.1088/0004-637X/811/2/92,RADMC-3D,3
10.1088/0004-637X/811/2/95,Astropy,5
10.1088/0004-637X/812/1/12,Astropy,2
10.1088/0004-637X/812/2/114,SAOImage DS9,1
10.1088/0004-637X/812/2/118,SAOImage DS9,1
10.1088/0004-637X/812/2/126,RADMC-3D,2
10.1088/0004-637X/812/2/128,Astropy,4
10.1088/0004-637X/812/2/131,SAOImage DS9,1
10.1088/0004-637X/812/2/134,Astropy,4
10.1088/0004-637X/812/2/149,Astropy,5
10.1088/0004-637X/813/1/31,Astropy,4
10.1088/0004-637X/813/1/53,Spec2d,2
10.1088/0004-637X/813/1/76,RADMC-3D,4
10.1088/0004-637X/813/2/102,Astropy,2
10.1088/0004-637X/813/2/104,Astropy,4
10.1088/0004-637X/813/2/109,Astropy,4
10.1088/0004-637X/813/2/117,SAOImage DS9,1
10.1088/0004-637X/813/2/126,Spec2d,2
10.1088/0004-637X/813/2/99,Astropy,4
10.1088/0004-637X/814/1/26,Spec2d,3
10.1088/0004-637X/814/1/3,Astropy,4
10.1088/0004-637X/814/1/39,Astropy,4
10.1088/0004-637X/814/1/47,RADMC-3D,1
10.1088/0004-637X/814/2/104,Spec2d,2
10.1088/0004-637X/814/2/108,Astropy,1
10.1088/0004-637X/814/2/108,Spec2d,2
10.1088/0004-637X/814/2/84,Spec2d,4
10.1088/0004-637X/815/1/23,Astropy,1
10.1088/0004-637X/815/1/4,Astropy,4
10.1088/0004-637X/815/1/62,Astropy,4
10.1088/0004-637X/815/1/64,Astropy,4
10.1088/0004-637X/815/1/77,Astropy,5
10.1088/0004-637X/815/2/120,WCSTools,1
10.1088/0067-0049/181/1/255,SAOImage DS9,1
10.1088/0067-0049/181/2/572,SAOImage DS9,1
10.1088/0067-0049/182/1/216,SAOImage DS9,1
10.1088/0067-0049/184/1/172,SAOImage DS9,3
10.1088/0067-0049/184/1/172,WCSTools,1
10.1088/0067-0049/185/1/85,WCSTools,1
10.1088/0067-0049/186/2/427,SAOImage DS9,1
10.1088/0067-0049/187/2/495,SAOImage DS9,2
10.1088/0067-0049/188/1/75,WCSTools,2
10.1088/0067-0049/189/1/37,SAOImage DS9,1
10.1088/0067-0049/190/1/147,SAOImage DS9,1
10.1088/0067-0049/191/1/124,Spec2d,1
10.1088/0067-0049/191/2/352,Spec2d,2
10.1088/0067-0049/192/1/9,SAOImage DS9,2
10.1088/0067-0049/193/1/12,WCSTools,2
10.1088/0067-0049/193/1/14,Spec2d,1
10.1088/0067-0049/193/1/8,Spec2d,1
10.1088/0067-0049/193/2/26,WCSTools,3
10.1088/0067-0049/193/2/28,WCSTools,2
10.1088/0067-0049/193/2/29,Spec2d,1
10.1088/0067-0049/193/2/31,SAOImage DS9,2
10.1088/0067-0049/194/1/1,SAOImage DS9,2
10.1088/0067-0049/194/1/15,SAOImage DS9,2
10.1088/0067-0049/194/1/2,SAOImage DS9,2
10.1088/0067-0049/194/1/9,SAOImage DS9,1
10.1088/0067-0049/194/2/32,SAOImage DS9,3
10.1088/0067-0049/194/2/37,SAOImage DS9,3
10.1088/0067-0049/195/2/21,RADMC-3D,3
10.1088/0067-0049/196/2/22,RADMC-3D,2
10.1088/0067-0049/197/2/24,SAOImage DS9,1
10.1088/0067-0049/197/2/33,Spec2d,2
10.1088/0067-0049/198/1/2,SAOImage DS9,1
10.1088/0067-0049/198/1/3,Spec2d,1
10.1088/0067-0049/200/2/19,SAOImage DS9,1
10.1088/0067-0049/200/2/21,SAOImage DS9,3
10.1088/0067-0049/203/1/2,WCSTools,2
10.1088/0067-0049/203/1/8,SAOImage DS9,2
10.1088/0067-0049/203/2/31,SAOImage DS9,1
10.1088/0067-0049/205/1/5,RADMC-3D,3
10.1088/0067-0049/206/1/7,SAOImage DS9,1
10.1088/0067-0049/206/1/9,SAOImage DS9,1
10.1088/0067-0049/206/2/12,SAOImage DS9,1
10.1088/0067-0049/206/2/13,SAOImage DS9,1
10.1088/0067-0049/206/2/17,SAOImage DS9,2
10.1088/0067-0049/207/2/30,RADMC-3D,1
10.1088/0067-0049/208/1/5,Spec2d,7
10.1088/0067-0049/209/2/26,SAOImage DS9,1
10.1088/0067-0049/209/2/27,SAOImage DS9,1
10.1088/0067-0049/209/2/29,SAOImage DS9,1
10.1088/0067-0049/209/2/32,SAOImage DS9,1
10.1088/0067-0049/211/2/21,Spec2d,3
10.1088/0067-0049/213/1/1,SAOImage DS9,1
10.1088/0067-0049/213/1/2,Spec2d,2
10.1088/0067-0049/213/2/33,RADMC-3D,3
10.1088/0067-0049/213/2/35,Spec2d,2
10.1088/0067-0049/214/1/10,SAOImage DS9,1
10.1088/0067-0049/214/1/3,Astropy,4
10.1088/0067-0049/214/2/19,SAOImage DS9,1
10.1088/0067-0049/214/2/24,SAOImage DS9,1
10.1088/0067-0049/214/2/24,Spec2d,2
10.1088/0067-0049/216/1/4,Spec2d,3
10.1088/0067-0049/217/1/12,SAOImage DS9,1
10.1088/0067-0049/217/1/6,RADMC-3D,3
10.1088/0067-0049/217/1/9,TARDIS,1
10.1088/0067-0049/217/2/30,RADMC-3D,2
10.1088/0067-0049/218/1/9,SAOImage DS9,1
10.1088/0067-0049/218/2/15,Spec2d,2
10.1088/0067-0049/218/2/29,WCSTools,1
10.1088/0067-0049/219/1/12,Astropy,4
10.1088/0067-0049/219/1/12,Spec2d,1
10.1088/0067-0049/219/1/14,Astropy,3
10.1088/0067-0049/220/1/10,Spec2d,2
10.1088/0067-0049/220/1/11,RADMC-3D,2
10.1088/0067-0049/220/1/14,RADMC-3D,2
10.1088/0067-0049/220/1/5,SAOImage DS9,1
10.1088/0067-0049/220/1/9,SAOImage DS9,1
10.1088/0067-0049/221/1/11,SAOImage DS9,2
10.1088/0067-0049/221/1/15,Spec2d,2
10.1088/0067-0049/221/2/28,SAOImage DS9,2
10.1088/2041-8205/710/2/L167,RADMC-3D,2
10.1088/2041-8205/722/1/L33,RADMC-3D,3
10.1088/2041-8205/723/2/L243,RADMC-3D,3
10.1088/2041-8205/728/1/L2,Spec2d,2
10.1088/2041-8205/729/1/L9,SAOImage DS9,1
10.1088/2041-8205/731/2/L27,Spec2d,1
10.1088/2041-8205/737/2/L38,Spec2d,1
10.1088/2041-8205/741/1/L17,SAOImage DS9,1
10.1088/2041-8205/744/1/L11,SAOImage DS9,1
10.1088/2041-8205/746/1/L11,SAOImage DS9,2
10.1088/2041-8205/746/1/L11,WCSTools,1
10.1088/2041-8205/747/2/L42,Spec2d,1
10.1088/2041-8205/749/1/L2,WCSTools,2
10.1088/2041-8205/750/2/L35,SAOImage DS9,1
10.1088/2041-8205/753/1/L15,Spec2d,1
10.1088/2041-8205/754/1/L18,RADMC-3D,3
10.1088/2041-8205/757/2/L27,SAOImage DS9,1
10.1088/2041-8205/758/1/L19,RADMC-3D,2
10.1088/2041-8205/765/1/L19,WCSTools,2
10.1088/2041-8205/775/1/L6,Spec2d,3
10.1088/2041-8205/776/2/L34,Astropy,4
10.1088/2041-8205/777/2/L31,RADMC-3D,3
10.1088/2041-8205/779/2/L21,Spec2d,4
10.1088/2041-8205/780/1/L13,Astropy,4
10.1088/2041-8205/781/1/L12,SAOImage DS9,2
10.1088/2041-8205/782/2/L17,Astropy,4
10.1088/2041-8205/783/1/L23,Astropy,5
10.1088/2041-8205/786/2/L10,Spec2d,2
10.1088/2041-8205/787/1/L5,Astropy,4
10.1088/2041-8205/788/2/L34,Astropy,4
10.1088/2041-8205/792/1/L16,Astropy,4
10.1088/2041-8205/796/2/L26,Astropy,4
10.1088/2041-8205/797/1/L2,Spec2d,5
10.1088/2041-8205/797/1/L8,Astropy,4
10.1088/2041-8205/797/2/L32,Astropy,4
10.1088/2041-8205/798/1/L2,RADMC-3D,3
10.1088/2041-8205/798/1/L21,Astropy,4
10.1088/2041-8205/798/2/L44,RADMC-3D,3
10.1088/2041-8205/804/1/L15,Spec2d,2
10.1088/2041-8205/807/1/L2,WCSTools,2
10.1088/2041-8205/808/1/L3,Astropy,4
10.1088/2041-8205/808/1/L4,Astropy,4
10.1088/2041-8205/808/2/L39,Astropy,4
10.1088/2041-8205/811/1/L5,RADMC-3D,4
10.1088/2041-8205/812/1/L12,Astropy,4
10.1088/2041-8205/812/1/L2,Spec2d,3
10.1088/2041-8205/812/2/L40,Spec2d,3
10.1088/2041-8205/813/1/L14,RADMC-3D,2
10.1088/2041-8205/814/1/L7,Spec2d,4
10.3847/0004-6256/151/1/3,Astropy,1
10.3847/0004-6256/151/2/41,Astropy,4
10.3847/0004-6256/151/2/44,Spec2d,1
10.3847/0004-6256/151/3/52,SAOImage DS9,1
10.3847/0004-6256/151/3/61,Astropy,4
10.3847/0004-6256/151/4/99,Astropy,4
10.3847/0004-6256/151/6/141,SAOImage DS9,1
10.3847/0004-6256/151/6/158,Astropy,1
10.3847/0004-6256/151/6/173,Astropy,3
10.3847/0004-6256/152/1/9,Astropy,1
10.3847/0004-6256/152/2/40,Astropy,4
10.3847/0004-6256/152/3/70,Astropy,4
10.3847/0004-6256/152/4/83,Spec2d,4
10.3847/0004-6256/152/5/111,SAOImage DS9,2
10.3847/0004-6256/152/5/123,Astropy,4
10.3847/0004-6256/152/5/149,SAOImage DS9,1
10.3847/0004-6256/152/6/154,Astropy,4
10.3847/0004-6256/152/6/178,Astropy,2
10.3847/0004-6256/152/6/194,SAOImage DS9,1
10.3847/0004-6256/152/6/205,Spec2d,3
10.3847/0004-6256/152/6/212,Astropy,1
10.3847/0004-637X/816/1/27,Astropy,4
10.3847/0004-637X/817/1/11,Spec2d,3
10.3847/0004-637X/817/1/79,Astropy,4
10.3847/0004-637X/817/2/109,SAOImage DS9,2
10.3847/0004-637X/817/2/110,Astropy,4
10.3847/0004-637X/817/2/135,Astropy,4
10.3847/0004-637X/817/2/169,Astropy,5
10.3847/0004-637X/817/2/172,Spec2d,2
10.3847/0004-637X/817/2/87,Astropy,4
10.3847/0004-637X/818/1/1,SAOImage DS9,1
10.3847/0004-637X/818/1/22,RADMC-3D,3
10.3847/0004-637X/818/1/67,WCSTools,2
10.3847/0004-637X/818/1/73,Astropy,2
10.3847/0004-637X/818/1/76,RADMC-3D,2
10.3847/0004-637X/818/1/88,Spec2d,2
10.3847/0004-637X/818/1/97,Astropy,4
10.3847/0004-637X/818/2/108,Astropy,3
10.3847/0004-637X/818/2/115,AstroBlend,2
10.3847/0004-637X/818/2/115,Astropy,4
10.3847/0004-637X/818/2/156,Astropy,4
10.3847/0004-637X/818/2/156,RADMC-3D,1
10.3847/0004-637X/819/1/61,RADMC-3D,2
10.3847/0004-637X/819/1/70,Astropy,4
10.3847/0004-637X/819/2/102,RADMC-3D,1
10.3847/0004-637X/819/2/135,Spec2d,3
10.3847/0004-637X/819/2/156,Astropy,4
10.3847/0004-637X/819/2/160,Astropy,1
10.3847/0004-637X/819/2/165,SAOImage DS9,2
10.3847/0004-637X/820/1/18,Astropy,1
10.3847/0004-637X/820/1/18,Spec2d,2
10.3847/0004-637X/820/1/29,RADMC-3D,1
10.3847/0004-637X/820/1/54,RADMC-3D,1
10.3847/0004-637X/820/1/58,Astropy,4
10.3847/0004-637X/820/1/75,TARDIS,1
10.3847/0004-637X/820/2/119,Astropy,4
10.3847/0004-637X/820/2/121,Astropy,1
10.3847/0004-637X/820/2/133,RADMC-3D,1
10.3847/0004-637X/820/2/82,Astropy,4
10.3847/0004-637X/821/1/55,Spec2d,2
10.3847/0004-637X/821/1/6,Astropy,5
10.3847/0004-637X/821/2/80,RADMC-3D,2
10.3847/0004-637X/822/1/12,RADMC-3D,2
10.3847/0004-637X/822/1/26,Spec2d,1
10.3847/0004-637X/822/1/30,Astropy,4
10.3847/0004-637X/822/1/30,Spec2d,2
10.3847/0004-637X/822/1/32,Astropy,3
10.3847/0004-637X/822/1/42,Astropy,5
10.3847/0004-637X/822/1/47,Astropy,5
10.3847/0004-637X/822/1/51,Spec2d,3
10.3847/0004-637X/822/1/52,Astropy,4
10.3847/0004-637X/822/1/53,RADMC-3D,1
10.3847/0004-637X/822/2/103,Spec2d,2
10.3847/0004-637X/822/2/63,Astropy,4
10.3847/0004-637X/822/2/73,Astropy,4
10.3847/0004-637X/822/2/93,Astropy,3
10.3847/0004-637X/822/2/97,Astropy,2
10.3847/0004-637X/823/1/11,Spec2d,4
10.3847/0004-637X/823/1/50,Astropy,4
10.3847/0004-637X/823/1/57,Astropy,4
10.3847/0004-637X/823/1/58,RADMC-3D,2
10.3847/0004-637X/823/2/157,Spec2d,4
10.3847/0004-637X/823/2/160,RADMC-3D,4
10.3847/0004-637X/823/2/79,RADMC-3D,3
10.3847/0004-637X/824/1/35,Spec2d,3
10.3847/0004-637X/824/1/52,Astropy,1
10.3847/0004-637X/824/2/104,Astropy,4
10.3847/0004-637X/824/2/83,Astropy,5
10.3847/0004-637X/825/1/40,Spec2d,2
10.3847/0004-637X/825/1/82,Astropy,5
10.3847/0004-637X/825/2/132,SAOImage DS9,1
10.3847/0004-637X/825/2/142,Astropy,4
10.3847/0004-637X/825/2/145,SAOImage DS9,1
10.3847/0004-637X/825/2/146,Astropy,1
10.3847/0004-637X/825/2/151,WCSTools,2
10.3847/0004-637X/825/2/91,Astropy,4
10.3847/0004-637X/826/1/62,Spec2d,2
10.3847/0004-637X/826/1/66,SAOImage DS9,1
10.3847/0004-637X/826/1/73,Spec2d,2
10.3847/0004-637X/826/1/95,Astropy,4
10.3847/0004-637X/826/2/109,Astropy,5
10.3847/0004-637X/826/2/114,Spec2d,1
10.3847/0004-637X/826/2/136,Astropy,4
10.3847/0004-637X/826/2/150,Astropy,4
10.3847/0004-637X/826/2/150,SAOImage DS9,2
10.3847/0004-637X/826/2/191,Astropy,1
10.3847/0004-637X/827/1/12,Astropy,5
10.3847/0004-637X/827/1/35,Astropy,4
10.3847/0004-637X/827/1/58,Astropy,4
10.3847/0004-637X/827/1/59,Astropy,4
10.3847/0004-637X/827/2/144,RADMC-3D,3
10.3847/0004-637X/827/2/149,Astropy,2
10.3847/0004-637X/827/2/89,Astropy,4
10.3847/0004-637X/828/1/21,Astropy,4
10.3847/0004-637X/828/1/21,Spec2d,2
10.3847/0004-637X/828/1/25,Astropy,4
10.3847/0004-637X/828/1/32,Astropy,1
10.3847/0004-637X/828/1/40,Astropy,4
10.3847/0004-637X/828/2/67,Spec2d,2
10.3847/0004-637X/829/2/123,Astropy,4
10.3847/0004-637X/829/2/64,Spec2d,2
10.3847/0004-637X/829/2/93,Astropy,1
10.3847/0004-637X/830/1/32,Astropy,4
10.3847/0004-637X/830/1/32,RADMC-3D,2
10.3847/0004-637X/830/1/36,Astropy,6
10.3847/0004-637X/830/1/4,Astropy,3
10.3847/0004-637X/830/2/156,Astropy,4
10.3847/0004-637X/830/2/93,Astropy,4
10.3847/0004-637X/831/1/104,Spec2d,1
10.3847/0004-637X/831/1/11,Astropy,1
10.3847/0004-637X/831/1/32,Astropy,2
10.3847/0004-637X/831/1/56,SAOImage DS9,1
10.3847/0004-637X/831/1/63,SAOImage DS9,2
10.3847/0004-637X/831/1/7,Spec2d,1
10.3847/0004-637X/831/1/78,Spec2d,2
10.3847/0004-637X/831/1/79,TARDIS,2
10.3847/0004-637X/831/1/91,Astropy,3
10.3847/0004-637X/831/2/145,Astropy,1
10.3847/0004-637X/831/2/200,RADMC-3D,2
10.3847/0004-637X/831/2/203,Spec2d,2
10.3847/0004-637X/831/2/205,Spec2d,4
10.3847/0004-637X/832/1/18,RADMC-3D,2
10.3847/0004-637X/832/1/43,Astropy,4
10.3847/0004-637X/832/1/67,Astropy,1
10.3847/0004-637X/832/1/67,Spec2d,3
10.3847/0004-637X/832/1/8,Astropy,2
10.3847/0004-637X/832/1/89,Astropy,4
10.3847/0004-637X/832/2/110,Astropy,2
10.3847/0004-637X/832/2/137,Astropy,4
10.3847/0004-637X/832/2/148,Astropy,1
10.3847/0004-637X/832/2/175,Astropy,4
10.3847/0004-637X/832/2/184,Astropy,3
10.3847/0004-637X/832/2/187,Astropy,4
10.3847/0004-637X/833/1/15,Astropy,5
10.3847/0004-637X/833/1/16,Astropy,4
10.3847/0004-637X/833/1/16,Spec2d,3
10.3847/0004-637X/833/1/19,Spec2d,1
10.3847/0004-637X/833/1/20,Astropy,4
10.3847/0067-0049/222/1/10,SAOImage DS9,1
10.3847/0067-0049/222/1/12,SAOImage DS9,1
10.3847/0067-0049/223/1/9,SAOImage DS9,1
10.3847/0067-0049/224/1/10,Astropy,5
10.3847/0067-0049/224/1/11,Spec2d,2
10.3847/0067-0049/224/1/8,SAOImage DS9,1
10.3847/0067-0049/224/2/14,Spec2d,1
10.3847/0067-0049/224/2/34,Spec2d,1
10.3847/0067-0049/225/1/1,Astropy,5
10.3847/0067-0049/225/1/11,WCSTools,2
10.3847/0067-0049/225/1/8,Astropy,3
10.3847/0067-0049/225/2/26,RADMC-3D,3
10.3847/0067-0049/226/1/10,Astropy,4
10.3847/0067-0049/226/1/5,Spec2d,5
10.3847/0067-0049/226/1/6,Astropy,4
10.3847/0067-0049/226/1/9,Astropy,4
10.3847/0067-0049/226/2/18,Astropy,4
10.3847/0067-0049/226/2/19,Astropy,5
10.3847/0067-0049/227/1/11,Astropy,5
10.3847/1538-3881/152/6/222,RADMC-3D,2
10.3847/1538-3881/152/6/228,Astropy,7
10.3847/1538-3881/153/1/10,Astropy,4
10.3847/1538-3881/153/1/13,Astropy,4
10.3847/1538-3881/153/1/3,Astropy,3
10.3847/1538-3881/153/2/58,Astropy,1
10.3847/1538-3881/153/2/58,Spec2d,2
10.3847/1538-3881/153/2/77,SAOImage DS9,2
10.3847/1538-3881/153/3/114,Spec2d,1
10.3847/1538-3881/153/3/115,SAOImage DS9,1
10.3847/1538-3881/153/3/116,Astropy,4
10.3847/1538-3881/153/3/92,Astropy,4
10.3847/1538-3881/153/3/95,Astropy,5
10.3847/1538-3881/153/3/96,WCSTools,3
10.3847/1538-3881/153/3/98,Astropy,5
10.3847/1538-3881/aa5b8d,Astropy,6
10.3847/1538-3881/aa5ea5,Astropy,4
10.3847/1538-3881/aa6343,Astropy,4
10.3847/1538-3881/aa63f1,WCSTools,2
10.3847/1538-3881/aa647b,RADMC-3D,1
10.3847/1538-3881/aa6481,Astropy,3
10.3847/1538-3881/aa6c2c,Astropy,4
10.3847/1538-3881/aa6cac,Astropy,4
10.3847/1538-3881/aa6d5d,SAOImage DS9,1
10.3847/1538-3881/aa6d80,Astropy,4
10.3847/1538-3881/aa6db5,Astropy,1
10.3847/1538-3881/aa6ffd,Astropy,4
10.3847/1538-3881/aa733a,Spec2d,1
10.3847/1538-3881/aa73d7,Astropy,6
10.3847/1538-3881/aa73d7,SAOImage DS9,1
10.3847/1538-3881/aa7567,Astropy,1
10.3847/1538-3881/aa7578,RADMC-3D,2
10.3847/1538-3881/aa76e8,SAOImage DS9,2
10.3847/1538-3881/aa78a0,RADMC-3D,2
10.3847/1538-3881/aa83b1,Astropy,1
10.3847/1538-3881/aa83b5,Astropy,4
10.3847/1538-3881/aa859f,Astropy,8
10.3847/1538-3881/aa86ae,Astropy,4
10.3847/1538-3881/aa89ef,WCSTools,2
10.3847/1538-3881/aa8a69,Astropy,4
10.3847/1538-3881/aa8b0b,Astropy,1
10.3847/1538-3881/aa90ba,SAOImage DS9,1
10.3847/1538-3881/aa911c,Astropy,5
10.3847/1538-3881/aa9177,SAOImage DS9,2
10.3847/1538-3881/aa9332,Astropy,5
10.3847/1538-3881/aa943b,Astropy,5
10.3847/1538-3881/aa94bf,Astropy,4
10.3847/1538-3881/aa94d0,Astropy,4
10.3847/1538-3881/aa9574,Astropy,4
10.3847/1538-3881/aa9751,Astropy,4
10.3847/1538-3881/aa9791,Astropy,4
10.3847/1538-3881/aa989f,Astropy,4
10.3847/1538-3881/aa9aba,Astropy,4
10.3847/1538-3881/aa9d8a,Astropy,4
10.3847/1538-3881/aaa008,Astropy,4
10.3847/1538-3881/aaa01e,SAOImage DS9,2
10.3847/1538-3881/aaa248,SAOImage DS9,1
10.3847/1538-3881/aaa458,Astropy,4
10.3847/1538-3881/aaa47e,Astropy,9
10.3847/1538-3881/aaa54c,Astropy,4
10.3847/1538-3881/aaa5a6,Astropy,1
10.3847/1538-3881/aaa6c4,Astropy,4
10.3847/1538-3881/aaaab4,Astropy,4
10.3847/1538-3881/aaab56,Astropy,2
10.3847/1538-3881/aaabb8,Astropy,4
10.3847/1538-3881/aaabbd,Astropy,3
10.3847/1538-3881/aaaebe,Astropy,4
10.3847/1538-3881/aab152,Astropy,4
10.3847/1538-3881/aab604,Astropy,4
10.3847/1538-3881/aab604,RADMC-3D,1
10.3847/1538-3881/aab717,Astropy,3
10.3847/1538-3881/aab778,Astropy,4
10.3847/1538-3881/aab901,Astropy,5
10.3847/1538-3881/aab901,SAOImage DS9,1
10.3847/1538-3881/aab961,Astropy,4
10.3847/1538-4357/833/1/104,Astropy,4
10.3847/1538-4357/833/1/33,Spec2d,1
10.3847/1538-4357/833/1/45,Astropy,1
10.3847/1538-4357/833/2/176,SAOImage DS9,2
10.3847/1538-4357/833/2/178,SAOImage DS9,1
10.3847/1538-4357/833/2/183,Astropy,2
10.3847/1538-4357/833/2/204,Astropy,4
10.3847/1538-4357/833/2/231,Astropy,4
10.3847/1538-4357/833/2/232,Spec2d,1
10.3847/1538-4357/833/2/233,RADMC-3D,2
10.3847/1538-4357/833/2/281,Astropy,1
10.3847/1538-4357/833/2/292,Astropy,4
10.3847/1538-4357/834/1/70,Astropy,4
10.3847/1538-4357/834/1/87,Spec2d,2
10.3847/1538-4357/834/1/9,Spec2d,3
10.3847/1538-4357/834/2/112,Astropy,4
10.3847/1538-4357/834/2/119,Astropy,4
10.3847/1538-4357/834/2/122,Astropy,4
10.3847/1538-4357/834/2/179,Astropy,4
10.3847/1538-4357/834/2/201,RADMC-3D,2
10.3847/1538-4357/834/2/205,Spec2d,3
10.3847/1538-4357/835/1/17,RADMC-3D,1
10.3847/1538-4357/835/1/64,Astropy,4
10.3847/1538-4357/835/2/118,RADMC-3D,3
10.3847/1538-4357/835/2/144,Spec2d,2
10.3847/1538-4357/835/2/207,Astropy,4
10.3847/1538-4357/835/2/213,Astropy,5
10.3847/1538-4357/835/2/222,Astropy,2
10.3847/1538-4357/835/2/230,RADMC-3D,3
10.3847/1538-4357/835/2/254,Astropy,1
10.3847/1538-4357/835/2/282,Astropy,4
10.3847/1538-4357/836/1/115,Astropy,1
10.3847/1538-4357/836/1/118,RADMC-3D,2
10.3847/1538-4357/836/1/30,RADMC-3D,2
10.3847/1538-4357/836/1/50,SAOImage DS9,1
10.3847/1538-4357/836/2/158,Astropy,4
10.3847/1538-4357/836/2/174,Astropy,3
10.3847/1538-4357/836/2/174,SAOImage DS9,1
10.3847/1538-4357/836/2/183,Astropy,4
10.3847/1538-4357/836/2/183,SAOImage DS9,1
10.3847/1538-4357/838/2/108,Astropy,4
10.3847/1538-4357/839/1/56,RADMC-3D,2
10.3847/1538-4357/840/2/87,Astropy,4
10.3847/1538-4357/849/1/1,Astropy,4
10.3847/1538-4357/849/1/2,Astropy,4
10.3847/1538-4357/aa5b96,RADMC-3D,1
10.3847/1538-4357/aa5b98,Astropy,4
10.3847/1538-4357/aa5be7,Spec2d,3
10.3847/1538-4357/aa5cad,Astropy,2
10.3847/1538-4357/aa5d0a,Astropy,4
10.3847/1538-4357/aa5d5b,Astropy,1
10.3847/1538-4357/aa5e50,Astropy,4
10.3847/1538-4357/aa5ea6,Astropy,4
10.3847/1538-4357/aa5ead,Astropy,4
10.3847/1538-4357/aa5ebd,RADMC-3D,1
10.3847/1538-4357/aa5f56,SAOImage DS9,1
10.3847/1538-4357/aa607e,WCSTools,2
10.3847/1538-4357/aa60c4,Astropy,4
10.3847/1538-4357/aa6113,Astropy,4
10.3847/1538-4357/aa6113,Spec2d,1
10.3847/1538-4357/aa6117,Astropy,4
10.3847/1538-4357/aa6192,Astropy,4
10.3847/1538-4357/aa6197,Astropy,4
10.3847/1538-4357/aa62a4,Astropy,5
10.3847/1538-4357/aa6347,Astropy,4
10.3847/1538-4357/aa63ec,Spec2d,2
10.3847/1538-4357/aa64cf,Spec2d,2
10.3847/1538-4357/aa64da,RADMC-3D,2
10.3847/1538-4357/aa6570,Spec2d,4
10.3847/1538-4357/aa65d7,Astropy,4
10.3847/1538-4357/aa662f,Astropy,4
10.3847/1538-4357/aa667f,Spec2d,4
10.3847/1538-4357/aa67f7,Astropy,4
10.3847/1538-4357/aa689a,RADMC-3D,1
10.3847/1538-4357/aa689b,Astropy,1
10.3847/1538-4357/aa68a3,Astropy,4
10.3847/1538-4357/aa68e2,Astropy,4
10.3847/1538-4357/aa696c,RADMC-3D,2
10.3847/1538-4357/aa696f,Astropy,5
10.3847/1538-4357/aa6983,SAOImage DS9,1
10.3847/1538-4357/aa69c2,Astropy,4
10.3847/1538-4357/aa6aab,Astropy,1
10.3847/1538-4357/aa6b02,Astropy,2
10.3847/1538-4357/aa6ba7,Astropy,6
10.3847/1538-4357/aa6bfa,Astropy,4
10.3847/1538-4357/aa6bfa,SAOImage DS9,2
10.3847/1538-4357/aa6c66,Astropy,4
10.3847/1538-4357/aa6cab,Astropy,4
10.3847/1538-4357/aa6caf,Spec2d,4
10.3847/1538-4357/aa6d52,Astropy,4
10.3847/1538-4357/aa6d58,Astropy,3
10.3847/1538-4357/aa6d58,RADMC-3D,3
10.3847/1538-4357/aa6d66,Spec2d,3
10.3847/1538-4357/aa6e4c,RADMC-3D,2
10.3847/1538-4357/aa6e52,Astropy,4
10.3847/1538-4357/aa6f08,Spec2d,2
10.3847/1538-4357/aa6fae,Spec2d,3
10.3847/1538-4357/aa704d,Astropy,4
10.3847/1538-4357/aa706b,Astropy,1
10.3847/1538-4357/aa70a2,Astropy,4
10.3847/1538-4357/aa71a1,Astropy,4
10.3847/1538-4357/aa71b4,RADMC-3D,2
10.3847/1538-4357/aa7265,Astropy,3
10.3847/1538-4357/aa72dd,Astropy,5
10.3847/1538-4357/aa72f8,Astropy,4
10.3847/1538-4357/aa72f8,SAOImage DS9,2
10.3847/1538-4357/aa740c,Astropy,4
10.3847/1538-4357/aa740c,Spec2d,2
10.3847/1538-4357/aa74c2,Astropy,4
10.3847/1538-4357/aa7512,Astropy,4
10.3847/1538-4357/aa7564,Astropy,4
10.3847/1538-4357/aa756a,Astropy,2
10.3847/1538-4357/aa7575,Astropy,4
10.3847/1538-4357/aa7579,Astropy,1
10.3847/1538-4357/aa762a,SAOImage DS9,1
10.3847/1538-4357/aa767b,Spec2d,2
10.3847/1538-4357/aa76dd,Astropy,3
10.3847/1538-4357/aa775e,Astropy,5
10.3847/1538-4357/aa7844,Astropy,4
10.3847/1538-4357/aa7855,RADMC-3D,2
10.3847/1538-4357/aa78a9,Astropy,3
10.3847/1538-4357/aa79f9,Astropy,4
10.3847/1538-4357/aa7b87,SAOImage DS9,1
10.3847/1538-4357/aa7c18,SAOImage DS9,2
10.3847/1538-4357/aa7c62,Astropy,4
10.3847/1538-4357/aa7d0c,Astropy,4
10.3847/1538-4357/aa7da0,Astropy,4
10.3847/1538-4357/aa7de2,Spec2d,2
10.3847/1538-4357/aa7e2d,Astropy,5
10.3847/1538-4357/aa7e2d,RADMC-3D,2
10.3847/1538-4357/aa7e2f,Astropy,4
10.3847/1538-4357/aa7f2e,Astropy,1
10.3847/1538-4357/aa7fea,Astropy,4
10.3847/1538-4357/aa803b,Astropy,1
10.3847/1538-4357/aa8097,Astropy,4
10.3847/1538-4357/aa8140,Astropy,4
10.3847/1538-4357/aa81d2,Astropy,4
10.3847/1538-4357/aa8262,SAOImage DS9,1
10.3847/1538-4357/aa8263,SAOImage DS9,1
10.3847/1538-4357/aa8309,TARDIS,2
10.3847/1538-4357/aa830f,Astropy,3
10.3847/1538-4357/aa83ae,Astropy,4
10.3847/1538-4357/aa83b6,Astropy,1
10.3847/1538-4357/aa83b8,Astropy,4
10.3847/1538-4357/aa83b8,SAOImage DS9,2
10.3847/1538-4357/aa844d,WCSTools,1
10.3847/1538-4357/aa845c,SAOImage DS9,2
10.3847/1538-4357/aa8460,Astropy,1
10.3847/1538-4357/aa8465,Astropy,4
10.3847/1538-4357/aa84af,Astropy,4
10.3847/1538-4357/aa84b3,Astropy,4
10.3847/1538-4357/aa8555,Astropy,4
10.3847/1538-4357/aa8557,Astropy,4
10.3847/1538-4357/aa8560,Astropy,4
10.3847/1538-4357/aa8599,Astropy,4
10.3847/1538-4357/aa859d,SAOImage DS9,2
10.3847/1538-4357/aa8624,Astropy,4
10.3847/1538-4357/aa8626,Astropy,4
10.3847/1538-4357/aa8626,Spec2d,2
10.3847/1538-4357/aa8631,Astropy,4
10.3847/1538-4357/aa863a,Astropy,4
10.3847/1538-4357/aa8666,Astropy,4
10.3847/1538-4357/aa8666,RADMC-3D,4
10.3847/1538-4357/aa8669,SAOImage DS9,1
10.3847/1538-4357/aa8728,Astropy,1
10.3847/1538-4357/aa872c,Astropy,4
10.3847/1538-4357/aa87b4,Astropy,4
10.3847/1538-4357/aa886a,Astropy,4
10.3847/1538-4357/aa886a,RADMC-3D,2
10.3847/1538-4357/aa8871,Astropy,1
10.3847/1538-4357/aa88aa,Astropy,5
10.3847/1538-4357/aa88ca,Astropy,4
10.3847/1538-4357/aa88d4,SAOImage DS9,1
10.3847/1538-4357/aa8994,Astropy,4
10.3847/1538-4357/aa8a67,Astropy,4
10.3847/1538-4357/aa8a78,Astropy,3
10.3847/1538-4357/aa8b6c,Spec2d,2
10.3847/1538-4357/aa8bb4,Astropy,4
10.3847/1538-4357/aa8c0a,Astropy,4
10.3847/1538-4357/aa8cca,Astropy,4
10.3847/1538-4357/aa8d1d,Astropy,4
10.3847/1538-4357/aa8df4,Astropy,4
10.3847/1538-4357/aa8df7,Astropy,4
10.3847/1538-4357/aa8ec9,Astropy,3
10.3847/1538-4357/aa8fcd,Astropy,4
10.3847/1538-4357/aa8fcf,RADMC-3D,1
10.3847/1538-4357/aa9079,Astropy,5
10.3847/1538-4357/aa90b8,Astropy,4
10.3847/1538-4357/aa9180,Astropy,4
10.3847/1538-4357/aa9185,Astropy,2
10.3847/1538-4357/aa91ce,RADMC-3D,2
10.3847/1538-4357/aa9217,RADMC-3D,3
10.3847/1538-4357/aa9225,Astropy,4
10.3847/1538-4357/aa9277,Spec2d,1
10.3847/1538-4357/aa9329,Astropy,4
10.3847/1538-4357/aa9331,Spec2d,2
10.3847/1538-4357/aa9333,Astropy,4
10.3847/1538-4357/aa937d,Astropy,4
10.3847/1538-4357/aa937d,Spec2d,2
10.3847/1538-4357/aa937f,Astropy,4
10.3847/1538-4357/aa93e9,Astropy,4
10.3847/1538-4357/aa93ec,Astropy,5
10.3847/1538-4357/aa93f0,WCSTools,2
10.3847/1538-4357/aa943f,RADMC-3D,1
10.3847/1538-4357/aa94c0,Astropy,4
10.3847/1538-4357/aa94c2,RADMC-3D,1
10.3847/1538-4357/aa956d,Spec2d,4
10.3847/1538-4357/aa9700,Astropy,4
10.3847/1538-4357/aa9710,Astropy,4
10.3847/1538-4357/aa9792,Spec2d,1
10.3847/1538-4357/aa9892,Astropy,4
10.3847/1538-4357/aa989d,RADMC-3D,2
10.3847/1538-4357/aa9929,Astropy,2
10.3847/1538-4357/aa9932,Astropy,4
10.3847/1538-4357/aa9980,Astropy,5
10.3847/1538-4357/aa998e,Astropy,4
10.3847/1538-4357/aa9990,RADMC-3D,1
10.3847/1538-4357/aa9a3f,RADMC-3D,2
10.3847/1538-4357/aa9af3,SAOImage DS9,2
10.3847/1538-4357/aa9be7,Astropy,4
10.3847/1538-4357/aa9be7,RADMC-3D,1
10.3847/1538-4357/aa9bf1,Astropy,4
10.3847/1538-4357/aa9d40,Astropy,4
10.3847/1538-4357/aa9e06,RADMC-3D,2
10.3847/1538-4357/aa9eda,Astropy,5
10.3847/1538-4357/aa9f26,Astropy,5
10.3847/1538-4357/aa9f26,Spec2d,4
10.3847/1538-4357/aaa002,Astropy,4
10.3847/1538-4357/aaa0cf,Astropy,4
10.3847/1538-4357/aaa0dc,Astropy,4
10.3847/1538-4357/aaa196,Astropy,2
10.3847/1538-4357/aaa19c,RADMC-3D,1
10.3847/1538-4357/aaa1e5,SAOImage DS9,1
10.3847/1538-4357/aaa1e7,Astropy,4
10.3847/1538-4357/aaa1e7,RADMC-3D,3
10.3847/1538-4357/aaa1e9,Astropy,2
10.3847/1538-4357/aaa240,Astropy,4
10.3847/1538-4357/aaa298,Astropy,4
10.3847/1538-4357/aaa3eb,Astropy,3
10.3847/1538-4357/aaa481,RADMC-3D,1
10.3847/1538-4357/aaa4b3,Astropy,6
10.3847/1538-4357/aaa4b4,Spec2d,2
10.3847/1538-4357/aaa4bb,Astropy,4
10.3847/1538-4357/aaa542,Astropy,5
10.3847/1538-4357/aaa546,RADMC-3D,1
10.3847/1538-4357/aaa59f,Astropy,4
10.3847/1538-4357/aaa5ff,Astropy,4
10.3847/1538-4357/aaa66e,Astropy,4
10.3847/1538-4357/aaa6d4,Astropy,4
10.3847/1538-4357/aaa764,Astropy,4
10.3847/1538-4357/aaa765,Astropy,3
10.3847/1538-4357/aaa767,RADMC-3D,1
10.3847/1538-4357/aaa769,RADMC-3D,2
10.3847/1538-4357/aaa76b,Astropy,4
10.3847/1538-4357/aaa7f0,Astropy,1
10.3847/1538-4357/aaa890,Astropy,4
10.3847/1538-4357/aaa89b,Astropy,4
10.3847/1538-4357/aaa8db,Astropy,4
10.3847/1538-4357/aaa961,Astropy,4
10.3847/1538-4357/aaa962,Astropy,4
10.3847/1538-4357/aaa96d,Astropy,2
10.3847/1538-4357/aaa975,Astropy,4
10.3847/1538-4357/aaa9be,Astropy,4
10.3847/1538-4357/aaaa2b,Astropy,4
10.3847/1538-4357/aaaae7,RADMC-3D,2
10.3847/1538-4357/aaab4d,Astropy,4
10.3847/1538-4357/aaab53,Astropy,4
10.3847/1538-4357/aaab60,Astropy,5
10.3847/1538-4357/aaab62,Astropy,4
10.3847/1538-4357/aaabbb,Astropy,5
10.3847/1538-4357/aaac7b,Astropy,4
10.3847/1538-4357/aaac7e,Astropy,4
10.3847/1538-4357/aaac80,Astropy,4
10.3847/1538-4357/aaac81,SAOImage DS9,1
10.3847/1538-4357/aaacd3,RADMC-3D,2
10.3847/1538-4357/aaad11,Astropy,4
10.3847/1538-4357/aaae65,RADMC-3D,1
10.3847/1538-4357/aaae66,Astropy,4
10.3847/1538-4357/aaaec8,Astropy,4
10.3847/1538-4357/aaaf65,Astropy,4
10.3847/1538-4357/aaaf66,SAOImage DS9,3
10.3847/1538-4357/aaaf6e,Astropy,4
10.3847/1538-4357/aaafd0,Astropy,4
10.3847/1538-4357/aaafd4,Astropy,4
10.3847/1538-4357/aab093,SAOImage DS9,1
10.3847/1538-4357/aab09e,Astropy,4
10.3847/1538-4357/aab0a6,Spec2d,2
10.3847/1538-4357/aab0a7,Astropy,3
10.3847/1538-4357/aab105,Astropy,1
10.3847/1538-4357/aab107,SAOImage DS9,1
10.3847/1538-4357/aab14a,Astropy,4
10.3847/1538-4357/aab1f4,SAOImage DS9,2
10.3847/1538-4357/aab1fa,Astropy,1
10.3847/1538-4357/aab206,Astropy,4
10.3847/1538-4357/aab207,Spec2d,3
10.3847/1538-4357/aab26a,Spec2d,4
10.3847/1538-4357/aab35b,WCSTools,2
10.3847/1538-4357/aab3d3,Astropy,3
10.3847/1538-4357/aab3e4,Astropy,4
10.3847/1538-4357/aab4f4,Astropy,3
10.3847/1538-4357/aab4fc,Astropy,5
10.3847/1538-4357/aab5b8,Astropy,2
10.3847/1538-4357/aab615,Astropy,4
10.3847/1538-4357/aab61c,Astropy,4
10.3847/1538-4357/aab663,Astropy,4
10.3847/1538-4357/aab664,Astropy,4
10.3847/1538-4357/aab664,RADMC-3D,1
10.3847/1538-4357/aab666,Astropy,4
10.3847/1538-4357/aab666,Spec2d,1
10.3847/1538-4357/aab6a5,Astropy,4
10.3847/1538-4357/aab6a6,SAOImage DS9,1
10.3847/1538-4357/aab6b1,Spec2d,2
10.3847/1538-4357/aab718,RADMC-3D,2
10.3847/1538-4357/aab719,SAOImage DS9,2
10.3847/1538-4357/aab786,Astropy,4
10.3847/1538-4357/aab842,Astropy,5
10.3847/1538-4357/aab95b,Astropy,4
10.3847/1538-4365/227/2/23,SAOImage DS9,2
10.3847/1538-4365/228/2/14,Spec2d,2
10.3847/1538-4365/229/2/28,SAOImage DS9,1
10.3847/1538-4365/233/1/1,Astropy,3
10.3847/1538-4365/aa66cb,Spec2d,2
10.3847/1538-4365/aa6fed,Astropy,3
10.3847/1538-4365/aa7204,Astropy,4
10.3847/1538-4365/aa72ed,Astropy,4
10.3847/1538-4365/aa7333,Astropy,2
10.3847/1538-4365/aa74b6,Spec2d,2
10.3847/1538-4365/aa7750,Astropy,1
10.3847/1538-4365/aa8507,Astropy,5
10.3847/1538-4365/aa8862,SAOImage DS9,1
10.3847/1538-4365/aa8e9d,SAOImage DS9,1
10.3847/1538-4365/aa8f4e,SAOImage DS9,1
10.3847/1538-4365/aa90bb,Astropy,4
10.3847/1538-4365/aa91d3,Astropy,4
10.3847/1538-4365/aa96ad,Astropy,4
10.3847/1538-4365/aa96b0,Spec2d,2
10.3847/1538-4365/aa989c,Astropy,4
10.3847/1538-4365/aa99db,Astropy,4
10.3847/1538-4365/aa99db,SAOImage DS9,3
10.3847/1538-4365/aa9b35,Astropy,4
10.3847/1538-4365/aa9e8a,Astropy,1
10.3847/1538-4365/aaa01c,Spec2d,2
10.3847/1538-4365/aaa255,Astropy,4
10.3847/1538-4365/aaa297,Astropy,4
10.3847/1538-4365/aaa384,Astropy,4
10.3847/1538-4365/aaa6c3,Astropy,4
10.3847/1538-4365/aaa6c3,Spec2d,2
10.3847/1538-4365/aaa6cb,Astropy,4
10.3847/1538-4365/aaa83d,Astropy,4
10.3847/1538-4365/aaab51,Astropy,1
10.3847/1538-4365/aaacce,Astropy,4
10.3847/1538-4365/aaacce,SAOImage DS9,1
10.3847/1538-4365/aaaf67,SAOImage DS9,3
10.3847/1538-4365/aaafcf,SAOImage DS9,1
10.3847/1538-4365/aab4f5,Astropy,4
10.3847/1538-4365/aab60c,Astropy,1
10.3847/2041-8205/816/1/L2,Astropy,4
10.3847/2041-8205/817/2/L22,Astropy,4
10.3847/2041-8205/817/2/L23,Astropy,4
10.3847/2041-8205/818/2/L28,Spec2d,2
10.3847/2041-8205/820/2/L40,Astropy,4
10.3847/2041-8205/820/2/L40,RADMC-3D,1
10.3847/2041-8205/821/1/L4,RADMC-3D,2
10.3847/2041-8205/822/2/L31,Astropy,4
10.3847/2041-8205/823/1/L18,RADMC-3D,1
10.3847/2041-8205/823/1/L8,RADMC-3D,2
10.3847/2041-8205/823/2/L32,SAOImage DS9,1
10.3847/2041-8205/823/2/L36,RADMC-3D,2
10.3847/2041-8205/824/1/L13,SAOImage DS9,2
10.3847/2041-8205/825/2/L23,Spec2d,2
10.3847/2041-8205/827/1/L11,RADMC-3D,2
10.3847/2041-8205/827/2/L38,Astropy,4
10.3847/2041-8205/828/1/L6,Spec2d,1
10.3847/2041-8205/828/2/L15,Astropy,5
10.3847/2041-8205/828/2/L19,RADMC-3D,2
10.3847/2041-8205/829/1/L7,Astropy,5
10.3847/2041-8205/830/1/L21,Spec2d,3
10.3847/2041-8205/831/2/L12,Astropy,4
10.3847/2041-8205/831/2/L12,RADMC-3D,2
10.3847/2041-8205/832/1/L3,Astropy,4
10.3847/2041-8213/834/2/L17,Astropy,1
10.3847/2041-8213/834/2/L7,Astropy,6
10.3847/2041-8213/834/2/L8,Astropy,4
10.3847/2041-8213/835/1/L11,RADMC-3D,2
10.3847/2041-8213/835/2/L33,Astropy,4
10.3847/2041-8213/aa56c5,Astropy,1
10.3847/2041-8213/aa64d8,Astropy,4
10.3847/2041-8213/aa6837,RADMC-3D,2
10.3847/2041-8213/aa6df8,RADMC-3D,1
10.3847/2041-8213/aa6e50,Astropy,5
10.3847/2041-8213/aa6f03,Astropy,4
10.3847/2041-8213/aa7046,Astropy,5
10.3847/2041-8213/aa7a0c,Astropy,5
10.3847/2041-8213/aa7d4b,Astropy,3
10.3847/2041-8213/aa821f,Astropy,4
10.3847/2041-8213/aa83ff,Astropy,1
10.3847/2041-8213/aa8400,Astropy,1
10.3847/2041-8213/aa85de,Astropy,4
10.3847/2041-8213/aa8771,RADMC-3D,1
10.3847/2041-8213/aa905f,Astropy,3
10.3847/2041-8213/aa90b6,Astropy,4
10.3847/2041-8213/aa9110,Astropy,5
10.3847/2041-8213/aa9111,Astropy,5
10.3847/2041-8213/aa970f,Astropy,4
10.3847/2041-8213/aa97d5,Astropy,4
10.3847/2041-8213/aa991a,Astropy,1
10.3847/2041-8213/aa9985,SAOImage DS9,1
10.3847/2041-8213/aa9a34,Astropy,4
10.3847/2041-8213/aa9b7b,RADMC-3D,1
10.3847/2041-8213/aa9d81,Astropy,4
10.3847/2041-8213/aa9d81,SAOImage DS9,1
10.3847/2041-8213/aa9d85,Astropy,1
10.3847/2041-8213/aaa07c,Astropy,4
10.3847/2041-8213/aaa0c9,Astropy,3
10.3847/2041-8213/aaa83b,Astropy,6
10.3847/2041-8213/aaa83b,Stingray,3
10.3847/2041-8213/aaa958,Astropy,4
10.3847/2041-8213/aaa958,SAOImage DS9,1
10.3847/2041-8213/aaaa62,Astropy,4
10.3847/2041-8213/aaadb3,Astropy,1
10.3847/2041-8213/aab151,Astropy,4
10.3847/2041-8213/aab267,Astropy,4
10.3847/2041-8213/aab3dc,Astropy,4
10.3847/2041-8213/aab493,Astropy,1
10.3847/2041-8213/aab603,Spec2d,3
10.3847/2041-8213/aab61e,Astropy,2
10.3847/2041-8213/aab6ac,Astropy,4
10.3847/2041-8213/aabadc,Stingray,1
